name,position,aerial_duels_won_percentile,chances_created_percentile,defensive_actions_percentile,goals_percentile,shot_attempts_percentile,touches_percentile
Calvin Ramsay,RB,53%,45%,56%,0%,98%,77%
Conor Bradley,RB,77%,68%,40%,87%,87%,78%
Nathaniel Phillips,CB,100%,83%,88%,50%,95%,7%
Rhys Williams,CB,98%,49%,34%,73%,54%,0%
Joseph Gomez,CB,36%,67%,40%,0%,38%,96%
Virgil van Dijk,CB,87%,76%,38%,89%,81%,95%
Ibrahima Konaté,CB,66%,54%,25%,55%,71%,78%
Jarell Quansah,CB,22%,45%,41%,0%,59%,98%
Konstantinos Tsimikas,LB,14%,93%,68%,52%,43%,95%
Andrew Robertson,LB,11%,89%,11%,40%,52%,88%
Alexis Mac Allister,DM,26%,80%,59%,84%,70%,57%
Curtis Jones,DM,28%,72%,14%,76%,84%,87%
Ryan Gravenberch,DM,38%,37%,63%,0%,16%,76%
Wataru Endo,CM,92%,8%,87%,42%,10%,97%
Harvey Elliott,CM,8%,95%,1%,99%,100%,80%
Tyler Morton,CM,29%,60%,66%,0%,46%,76%
Dominik Szoboszlai,AM,62%,92%,68%,48%,48%,83%
Ben Doak,RW,10%,86%,51%,15%,16%,44%
Mohamed Salah,RW,10%,82%,1%,99%,90%,32%
Federico Chiesa,RW,0%,46%,35%,47%,99%,44%
Luis Diaz,LW,61%,54%,52%,93%,71%,45%
Cody Gakpo,LW,72%,87%,47%,96%,85%,31%
Darwin Nunez,ST,41%,44%,90%,24%,79%,39%
Diogo Jota,ST,37%,60%,76%,45%,79%,79%
Ben White,RB,69%,26%,30%,0%,46%,50%
Jurrien Timber,RB,51%,34%,29%,59%,51%,55%
William Saliba,CB,33%,30%,13%,58%,14%,88%
Kieran Tierney,CB,7%,100%,2%,97%,31%,58%
Gabriel,CB,69%,69%,10%,96%,93%,77%
Jakub Kiwior,CB,21%,94%,16%,38%,44%,39%
Takehiro Tomiyasu,CB,100%,40%,67%,97%,97%,12%
Oleksandr Zinchenko,LB,91%,79%,12%,97%,96%,91%
Riccardo Calafiori,LB,95%,26%,60%,91%,72%,67%
Myles Lewis-Skelly,LB,31%,16%,2%,74%,7%,44%
Thomas Partey,CM,53%,26%,49%,66%,23%,73%
Martin Ødegaard,CM,5%,99%,0%,70%,90%,77%
Mikel Merino,CM,98%,63%,67%,98%,91%,14%
Declan Rice,CM,69%,90%,26%,85%,80%,72%
Bukayo Saka,RW,27%,88%,40%,75%,88%,69%
Raheem Sterling,RW,6%,56%,56%,18%,73%,67%
Ethan Nwaneri,RW,36%,36%,28%,94%,76%,77%
Gabriel Martinelli,LW,60%,49%,15%,63%,56%,18%
Leandro Trossard,LW,18%,44%,22%,60%,74%,52%
Nathan Butler-Oyedeji,LW,93%,0%,88%,0%,34%,2%
Gabriel Jesus,ST,29%,67%,91%,77%,71%,93%
Kai Havertz,ST,76%,51%,88%,71%,73%,86%
Matheus Nunes,RB,47%,83%,28%,93%,70%,92%
Rico Lewis,RB,5%,63%,8%,61%,57%,81%
Ruben Dias,CB,43%,44%,5%,0%,58%,98%
John Stones,CB,39%,92%,0%,98%,21%,93%
Vitor Reis,CB,91%,46%,69%,88%,41%,31%
Manuel Akanji,CB,9%,85%,1%,0%,51%,94%
Abdukodir Khusanov,CB,50%,69%,64%,74%,49%,28%
Christian McFarlane,LB,3%,81%,37%,0%,54%,1%
Nathan Aké,LB,92%,15%,12%,0%,54%,83%
Josko Gvardiol,LB,73%,32%,47%,86%,82%,96%
Josh Wilson-Esbrand,LB,13%,69%,3%,0%,68%,63%
Nico O'Reilly,LB,61%,78%,15%,100%,95%,62%
Mateo Kovacic,DM,11%,73%,28%,82%,81%,95%
Nico González,DM,94%,30%,51%,97%,82%,81%
Rodri,DM,77%,59%,45%,62%,22%,97%
Ilkay Gündogan,DM,37%,89%,2%,60%,83%,91%
Jacob Wright,CM,73%,93%,67%,0%,39%,97%
Kevin De Bruyne,AM,43%,99%,31%,55%,92%,97%
Bernardo Silva,AM,10%,60%,69%,18%,5%,94%
Claudio Echeverri,AM,10%,96%,11%,30%,100%,96%
James McAtee,AM,17%,15%,39%,98%,88%,39%
Phil Foden,AM,16%,81%,2%,52%,82%,88%
Savinho,RW,3%,91%,15%,8%,84%,81%
Oscar Bobb,RW,0%,95%,0%,77%,12%,38%
Jack Grealish,LW,20%,99%,20%,57%,29%,91%
Jérémy Doku,LW,1%,94%,18%,36%,43%,94%
Omar Marmoush,ST,5%,96%,7%,84%,96%,91%
Erling Haaland,ST,53%,37%,3%,96%,96%,4%
Alfie Gilchrist,RB,67%,18%,87%,0%,22%,52%
Reece James,RB,83%,86%,24%,94%,81%,100%
Malo Gusto,RB,10%,70%,35%,0%,76%,94%
Josh Acheampong,RB,64%,5%,10%,0%,68%,100%
Tosin Adarabioyo,CB,70%,23%,18%,95%,87%,99%
Benoit Badiashile,CB,19%,30%,9%,0%,64%,100%
Levi Colwill,CB,64%,77%,21%,59%,47%,92%
Trevoh Chalobah,CB,42%,76%,47%,91%,78%,45%
Wesley Fofana,CB,45%,84%,42%,0%,17%,76%
Aaron Anselmino,CB,46%,75%,90%,84%,2%,62%
Bashir Humphreys,LB,95%,21%,52%,59%,38%,74%
Marc Cucurella,LB,53%,42%,48%,92%,64%,75%
Enzo Fernández,DM,39%,96%,22%,81%,76%,88%
Kiernan Dewsbury-Hall,DM,7%,89%,9%,86%,88%,58%
Moisés Caicedo,DM,57%,57%,88%,30%,18%,86%
Romeo Lavia,DM,64%,52%,68%,0%,4%,55%
Lesley Ugochukwu,CM,70%,43%,62%,69%,24%,21%
Mathis Amougou,CM,11%,34%,19%,0%,25%,8%
Cole Palmer,AM,2%,91%,9%,79%,95%,79%
Christopher Nkunku,AM,25%,90%,59%,83%,76%,94%
Pedro Neto,RW,31%,74%,15%,34%,48%,57%
Noni Madueke,RW,32%,73%,29%,85%,95%,48%
Mykhaylo Mudryk,LW,67%,81%,10%,42%,47%,26%
Jadon Sancho,LW,15%,79%,1%,31%,10%,61%
Tyrique George,LW,25%,82%,6%,27%,70%,50%
Armando Broja,ST,82%,56%,35%,1%,1%,89%
David Datro Fofana,ST,58%,42%,97%,42%,7%,71%
Liam Delap,ST,63%,25%,79%,50%,39%,21%
Nicolas Jackson,ST,23%,59%,54%,62%,77%,36%
Marc Guiu,ST,7%,60%,15%,89%,88%,21%
Kieran Trippier,RB,87%,91%,59%,0%,15%,98%
Valentino Livramento,RB,38%,57%,28%,0%,6%,58%
Sven Botman,CB,100%,69%,98%,0%,94%,26%
Fabian Schär,CB,39%,66%,59%,97%,98%,58%
Jamaal Lascelles,CB,99%,0%,43%,0%,6%,53%
Emil Krafth,CB,22%,62%,9%,0%,2%,69%
Daniel Burn,CB,98%,58%,58%,55%,78%,47%
Alex Murphy,LB,100%,52%,99%,95%,81%,87%
Harrison Ashby,LB,29%,12%,89%,0%,58%,19%
Jamal Lewis,LB,10%,78%,1%,0%,44%,3%
Lewis Hall,LB,62%,87%,46%,0%,50%,90%
Isaac Hayden,DM,78%,7%,83%,0%,23%,4%
Joelinton,CM,95%,47%,78%,65%,82%,31%
Sandro Tonali,CM,13%,57%,40%,84%,64%,53%
Joseph Willock,CM,12%,91%,31%,82%,88%,9%
Sean Longstaff,CM,67%,5%,42%,74%,46%,31%
Bruno Guimaraes,CM,21%,74%,51%,58%,66%,74%
Joe White,CM,56%,91%,20%,93%,57%,82%
Lewis Miley,CM,78%,48%,57%,97%,22%,85%
Jacob Murphy,RW,16%,51%,30%,71%,39%,49%
Anthony Gordon,LW,23%,70%,27%,66%,59%,57%
Harvey Barnes,LW,27%,31%,13%,86%,92%,26%
Garang Kuol,LW,0%,2%,47%,0%,2%,1%
Callum Wilson,ST,36%,17%,32%,10%,11%,19%
Alexander Isak,ST,18%,94%,8%,93%,87%,77%
William Osula,ST,55%,81%,65%,45%,76%,51%
Matty Cash,RB,48%,17%,51%,70%,82%,13%
Andres Garcia,RB,15%,81%,32%,86%,71%,57%
Lamare Bogarde,RB,50%,4%,60%,0%,1%,69%
Sil Swinkels,CB,96%,99%,100%,99%,86%,38%
Axel Disasi,CB,84%,54%,38%,82%,58%,93%
Ezri Konsa,CB,3%,27%,2%,70%,50%,40%
Tyrone Mings,CB,72%,72%,15%,0%,68%,52%
Pau Torres,CB,4%,23%,2%,0%,39%,52%
Álex Moreno,LB,5%,27%,78%,0%,44%,14%
Lino Sousa,LB,93%,29%,70%,0%,20%,49%
Lucas Digne,LB,73%,89%,53%,0%,44%,38%
Ian Maatsen,LB,45%,81%,56%,93%,98%,84%
Ross Barkley,DM,72%,90%,51%,100%,96%,85%
Youri Tielemans,DM,46%,87%,43%,68%,73%,81%
Amadou Onana,DM,84%,15%,77%,79%,52%,47%
Boubacar Kamara,DM,77%,33%,81%,26%,11%,63%
Kaine Kesler-Hayden,RM,96%,20%,37%,58%,87%,11%
Marco Asensio,AM,4%,83%,10%,91%,88%,59%
Morgan Rogers,AM,34%,45%,42%,58%,39%,30%
Donyell Malen,RW,52%,7%,3%,96%,94%,16%
Leon Bailey,RW,30%,71%,11%,7%,48%,27%
John McGinn,LW,66%,26%,57%,19%,11%,39%
Lewis Dobbin,LW,72%,6%,15%,28%,26%,31%
Marcus Rashford,LW,34%,77%,19%,83%,75%,44%
Jacob Ramsey,LW,29%,32%,45%,26%,19%,35%
Ollie Watkins,ST,47%,64%,12%,63%,68%,13%
Ola Aina,RB,8%,19%,44%,61%,21%,15%
Tyler Bindon,CB,95%,21%,83%,92%,66%,11%
Morato,CB,3%,8%,87%,0%,20%,5%
Murillo,CB,11%,78%,94%,62%,83%,13%
Willy Boly,CB,75%,27%,69%,0%,8%,6%
Nikola Milenkovic,CB,72%,42%,57%,90%,67%,1%
Neco Williams,LB,78%,48%,90%,43%,93%,41%
Harry Toffolo,LB,74%,2%,93%,0%,4%,21%
Ibrahim Sangaré,DM,78%,52%,88%,0%,4%,36%
Elliot Anderson,DM,89%,67%,85%,46%,75%,70%
Nicolás Dominguez,DM,76%,18%,99%,0%,53%,49%
Ryan Yates,DM,95%,43%,95%,79%,80%,25%
Danilo,DM,31%,0%,86%,0%,2%,41%
Morgan Gibbs-White,AM,88%,70%,70%,41%,49%,72%
Josh Bowler,RW,0%,46%,2%,0%,99%,2%
Jota Silva,RW,97%,37%,100%,81%,88%,12%
Anthony Elanga,RW,74%,76%,3%,43%,32%,30%
Joel Ndala,LW,0%,15%,43%,22%,13%,53%
Callum Hudson-Odoi,LW,7%,77%,11%,34%,23%,32%
Ramon Sosa,LW,90%,86%,85%,79%,57%,57%
Taiwo Awoniyi,ST,66%,41%,71%,15%,43%,46%
Chris Wood,ST,76%,13%,6%,91%,20%,2%
Emmanuel Dennis,ST,86%,20%,89%,0%,26%,54%
Odel Offiah,RB,94%,4%,78%,42%,3%,27%
Tariq Lamptey,RB,1%,27%,64%,96%,61%,17%
Mats Wieffer,RB,100%,90%,100%,74%,73%,92%
Joel Veltman,RB,64%,9%,84%,0%,16%,39%
Jack Hinshelwood,RB,62%,43%,16%,96%,84%,31%
Igor,CB,1%,80%,4%,0%,2%,86%
Adam Webster,CB,53%,84%,50%,76%,48%,92%
Lewis Dunk,CB,65%,64%,2%,0%,62%,97%
Eiran Cashin,CB,95%,50%,93%,61%,88%,72%
Jan Paul van Hecke,CB,73%,92%,35%,34%,53%,89%
Ferdi Kadioglu,LB,35%,91%,51%,97%,65%,34%
Pervis Estupinán,LB,88%,77%,45%,42%,85%,74%
James Milner,DM,27%,94%,35%,0%,39%,54%
Carlos Baleba,DM,74%,29%,61%,59%,65%,30%
Diego Gomez,DM,87%,85%,73%,87%,98%,34%
Yasin Ayari,DM,49%,87%,56%,70%,78%,47%
Andrew Moran,AM,49%,43%,95%,21%,7%,43%
Julio Enciso,AM,57%,59%,33%,53%,99%,58%
Georginio Rutter,AM,90%,27%,86%,78%,82%,9%
Matthew O'Riley,AM,32%,98%,35%,89%,99%,39%
Amario Cozier-Duberry,RW,4%,4%,80%,15%,47%,51%
Solly March,RW,69%,24%,100%,0%,4%,73%
Brajan Gruda,RW,49%,99%,78%,13%,29%,65%
Yankuba Minteh,RW,62%,46%,72%,73%,22%,9%
Abdallah Sima,LW,99%,4%,42%,96%,83%,9%
Simon Adingra,LW,33%,47%,28%,64%,61%,19%
Kaoru Mitoma,LW,73%,35%,60%,71%,37%,58%
Joao Pedro,ST,62%,87%,47%,49%,26%,92%
Danny Welbeck,ST,15%,49%,28%,55%,57%,53%
Adam Smith,RB,56%,13%,26%,0%,4%,2%
Julian Araujo,RB,24%,2%,55%,0%,0%,8%
James Hill,RB,100%,37%,100%,0%,86%,52%
Marcos Senesi,CB,86%,85%,89%,0%,36%,77%
Chris Mepham,CB,90%,68%,91%,37%,27%,58%
Illia Zabarnyi,CB,43%,73%,48%,52%,20%,33%
Matai Akinmboni,CB,1%,84%,56%,0%,0%,9%
Milos Kerkez,LB,41%,51%,37%,56%,44%,24%
Julio Soler,LB,43%,41%,50%,0%,62%,50%
Lewis Cook,DM,71%,78%,77%,23%,10%,41%
Alex Scott,DM,43%,80%,77%,0%,81%,53%
Ryan Christie,DM,64%,80%,76%,57%,68%,39%
Tyler Adams,DM,74%,45%,96%,0%,9%,59%
Justin Kluivert,AM,30%,66%,59%,87%,73%,28%
David Brooks,RW,64%,88%,39%,42%,79%,67%
Dango Ouattara,LW,96%,42%,71%,84%,81%,13%
Marcus Tavernier,LW,83%,82%,69%,16%,78%,81%
Luis Sinisterra,LW,83%,98%,97%,97%,98%,79%
Antoine Semenyo,LW,94%,24%,80%,76%,94%,43%
Jaidon Anthony,LW,44%,80%,67%,39%,67%,74%
Evanilson,ST,51%,53%,43%,56%,65%,5%
Daniel Jebbison,ST,36%,90%,79%,45%,30%,54%
Enes Ünal,ST,98%,67%,66%,49%,100%,90%
Kristoffer Vassbakk Ajer,RB,88%,5%,25%,54%,38%,14%
Michael Kayode,RB,85%,73%,60%,0%,47%,35%
Sepp van den Berg,CB,92%,38%,43%,0%,70%,27%
Ethan Pinnock,CB,83%,75%,81%,79%,54%,48%
Ben Mee,CB,95%,26%,47%,0%,8%,95%
Nathan Collins,CB,92%,59%,75%,53%,41%,40%
Rico Henry,LB,62%,53%,46%,0%,21%,8%
Keane Lewis-Potter,LB,33%,45%,8%,65%,83%,3%
Christian Nørgaard,DM,86%,31%,90%,79%,58%,52%
Yegor Yarmolyuk,DM,18%,23%,71%,0%,19%,56%
Vitaly Janelt,DM,52%,19%,42%,30%,14%,23%
Mathias Jensen,CM,44%,91%,15%,54%,41%,74%
Yunus Emre Konak,CM,80%,26%,100%,0%,4%,42%
Ryan Trevitt,CM,75%,72%,20%,53%,83%,18%
Edmond-Paris Maghoma,CM,42%,72%,43%,0%,93%,70%
Jayden Meghoma,LM,4%,5%,54%,0%,3%,6%
Aaron Hickey,LM,3%,4%,9%,0%,63%,1%
Mikkel Damsgaard,AM,33%,72%,84%,7%,6%,88%
Michael Olakigbe,RW,6%,66%,13%,10%,34%,15%
Myles Peart-Harris,RW,92%,14%,48%,24%,15%,25%
Bryan Mbeumo,RW,72%,64%,40%,93%,45%,36%
Kevin Schade,LW,100%,10%,55%,88%,46%,5%
Fabio Carvalho,LW,50%,9%,71%,89%,74%,51%
Gustavo Gomes,LW,18%,18%,40%,84%,23%,69%
Thiago Rodrigues,ST,92%,82%,99%,11%,5%,80%
Joshua Dasilva,ST,0%,73%,9%,86%,67%,55%
Yoane Wissa,ST,20%,46%,27%,75%,59%,28%
Kenny Tete,RB,80%,11%,98%,0%,93%,47%
Timothy Castagne,RB,97%,31%,72%,46%,31%,60%
Calvin Bassey,CB,14%,10%,6%,58%,34%,64%
Joachim Andersen,CB,73%,34%,71%,34%,86%,91%
Jorge Cuenca,CB,59%,0%,69%,0%,87%,69%
Issa Diop,CB,25%,47%,28%,0%,52%,42%
Ryan Sessegnon,LB,67%,94%,97%,100%,99%,67%
Antonee Robinson,LB,83%,84%,89%,0%,42%,80%
Harrison Reed,DM,4%,61%,62%,0%,74%,66%
Tom Cairney,DM,68%,46%,50%,43%,13%,100%
Sander Berge,DM,77%,36%,47%,0%,1%,66%
Andreas Pereira,DM,39%,100%,6%,75%,88%,30%
Sasa Lukic,DM,53%,49%,78%,0%,29%,48%
Luke Harris,AM,72%,3%,77%,42%,7%,8%
Emile Smith Rowe,AM,26%,13%,44%,51%,27%,73%
Harry Wilson,RW,42%,68%,65%,95%,91%,62%
Adama Traoré,RW,85%,85%,17%,11%,37%,31%
Alex Iwobi,LW,13%,52%,26%,45%,39%,71%
Reiss Nelson,LW,30%,74%,37%,50%,40%,87%
Willian,LW,51%,95%,28%,0%,44%,96%
Martial Godo,LW,2%,33%,37%,28%,41%,46%
Raul Jiménez,ST,84%,61%,86%,79%,82%,82%
Rodrigo Muniz,ST,98%,24%,76%,93%,91%,41%
Carlos Vinicius,ST,40%,72%,70%,72%,65%,8%
Joel Ward,CB,29%,0%,83%,0%,7%,3%
Maxence Lacroix,CB,41%,44%,91%,57%,89%,16%
Marc Guehi,CB,61%,86%,23%,65%,39%,68%
Nathaniel Clyne,CB,0%,95%,2%,0%,13%,9%
Chris Richards,CB,68%,18%,62%,36%,48%,35%
Chadi Riad,CB,31%,0%,4%,99%,28%,80%
Daniel Munoz,RWB,85%,81%,87%,93%,74%,32%
Tyrick Mitchell,LWB,29%,73%,48%,33%,22%,16%
Ben Chilwell,LWB,74%,90%,87%,0%,85%,98%
Jefferson Lerma,DM,95%,4%,75%,37%,62%,44%
Will Hughes,DM,56%,78%,91%,0%,43%,32%
Adam Wharton,DM,29%,82%,66%,0%,41%,51%
Cheick Oumar Doucouré,DM,52%,1%,80%,0%,69%,37%
David Ozoh,CM,39%,2%,84%,62%,28%,7%
Justin Devenny,CM,21%,65%,24%,90%,86%,19%
Ismaila Sarr,AM,84%,37%,23%,74%,42%,6%
Eberechi Eze,AM,24%,82%,18%,82%,94%,68%
Daichi Kamada,AM,14%,76%,45%,80%,67%,54%
Malcolm Ebiowei,AM,21%,58%,26%,0%,97%,56%
Jesurun Rak-Sakyi,RW,69%,55%,71%,79%,69%,22%
Romain Esse,RW,86%,33%,94%,47%,21%,46%
Matheus Franca,LW,77%,53%,69%,0%,71%,48%
Luke Plange,ST,4%,1%,1%,7%,1%,1%
Edward Nketiah,ST,59%,40%,96%,48%,88%,89%
Jean-Philippe Mateta,ST,61%,34%,26%,73%,50%,9%
Jake O'Brien,RB,99%,7%,65%,78%,32%,14%
Ashley Young,RB,15%,74%,81%,57%,26%,28%
Seamus Coleman,RB,15%,5%,4%,0%,41%,16%
Mason Holgate,CB,47%,86%,64%,49%,29%,43%
Michael Keane,CB,66%,75%,57%,100%,95%,3%
James Tarkowski,CB,91%,92%,97%,41%,49%,11%
Jarrad Branthwaite,CB,60%,19%,82%,0%,24%,13%
Tyler Onyango,CB,14%,78%,49%,0%,26%,21%
Vitaliy Mykolenko,LB,77%,42%,70%,41%,26%,9%
Nathan Patterson,RWB,51%,92%,55%,0%,16%,87%
Orel Mangala,DM,17%,13%,49%,38%,52%,18%
Idrissa Gana Gueye,DM,40%,40%,76%,0%,34%,35%
James Garner,DM,32%,29%,72%,0%,34%,44%
Tim Iroegbunam,DM,81%,34%,100%,0%,54%,18%
Dwight McNeil,AM,39%,93%,4%,63%,36%,64%
Abdoulaye Doucouré,AM,81%,16%,75%,18%,9%,19%
Youssef Chermiti,AM,89%,5%,88%,8%,74%,36%
Jack Harrison,RW,17%,49%,58%,3%,16%,29%
Jesper Lindstrøm,RW,28%,51%,93%,0%,41%,46%
Carlos Alcaraz,LW,89%,76%,84%,57%,90%,80%
Iliman Ndiaye,LW,25%,6%,60%,69%,19%,31%
Dominic Calvert-Lewin,ST,93%,2%,71%,14%,70%,44%
Beto,ST,93%,20%,78%,56%,41%,33%
Vladimir Coufal,RB,79%,90%,57%,0%,24%,65%
Aaron Wan-Bissaka,RB,32%,63%,77%,62%,27%,56%
Aaron Cresswell,CB,2%,100%,11%,0%,69%,74%
Konstantinos Mavropanos,CB,82%,31%,75%,0%,86%,58%
Jean-Clair Todibo,CB,19%,19%,55%,0%,22%,41%
Max Kilman,CB,88%,86%,70%,0%,30%,35%
Emerson,LB,38%,36%,63%,79%,60%,21%
Oliver Scarles,LWB,55%,1%,94%,0%,6%,61%
James Ward-Prowse,DM,51%,85%,24%,45%,36%,73%
Edson Álvarez,DM,82%,9%,89%,0%,29%,63%
Guido Rodriguez,DM,54%,2%,91%,0%,20%,38%
Tomas Soucek,DM,99%,37%,84%,91%,87%,13%
Andy Irving,CM,61%,45%,59%,100%,100%,92%
George Earthy,AM,3%,42%,4%,95%,98%,5%
Carlos Soler,AM,58%,14%,77%,13%,30%,66%
Lucas Paquetá,AM,95%,35%,98%,32%,28%,96%
Luis Guilherme,AM,48%,95%,1%,88%,99%,32%
Mohammed Kudus,AM,31%,20%,32%,25%,79%,36%
Jarrod Bowen,RW,37%,50%,39%,86%,85%,22%
Crysencio Summerville,LW,40%,69%,64%,10%,29%,31%
Michail Antonio,ST,55%,47%,10%,10%,33%,50%
Niclas Füllkrug,ST,93%,96%,89%,66%,44%,36%
Danny Ings,ST,51%,66%,38%,8%,80%,78%
Evan Ferguson,ST,51%,19%,74%,26%,61%,52%
Victor Nilsson Lindelöf,CB,71%,65%,29%,0%,8%,48%
Noussair Mazraoui,CB,26%,99%,56%,32%,50%,74%
Matthijs de Ligt,CB,69%,66%,22%,66%,76%,65%
Harry Maguire,CB,93%,84%,59%,95%,92%,56%
Lisandro Martinez,CB,9%,94%,17%,82%,95%,86%
Leny Yoro,CB,16%,41%,30%,54%,50%,66%
Luke Shaw,CB,2%,100%,1%,0%,14%,74%
Jonny Evans,CB,39%,0%,23%,89%,30%,56%
Harry Amass,LB,87%,9%,37%,0%,30%,63%
Diogo Dalot,LWB,72%,78%,40%,74%,69%,54%
Patrick Dorgu,LWB,91%,58%,51%,82%,98%,17%
Casemiro,DM,92%,73%,98%,82%,93%,89%
Manuel Ugarte,DM,64%,14%,98%,51%,31%,58%
Kobbie Mainoo,DM,59%,46%,32%,51%,44%,53%
Toby Collyer,DM,91%,4%,96%,0%,3%,50%
Mason Mount,AM,51%,34%,96%,48%,74%,52%
Bruno Fernandes,AM,69%,97%,85%,72%,85%,98%
Christian Eriksen,AM,10%,99%,1%,92%,95%,67%
Alejandro Garnacho,AM,22%,63%,25%,60%,98%,52%
Amad,RW,47%,94%,62%,83%,78%,87%
Rasmus Højlund,ST,33%,45%,2%,24%,7%,7%
Joshua Zirkzee,ST,35%,52%,50%,27%,32%,88%
Pedro Lima,RB,87%,60%,83%,0%,100%,55%
Matt Doherty,CB,67%,93%,23%,89%,40%,41%
Santiago Bueno,CB,35%,8%,67%,0%,20%,17%
Emmanuel Agbadou,CB,23%,74%,47%,64%,81%,84%
Yerson Mosquera,CB,61%,75%,85%,99%,58%,23%
Craig Dawson,CB,47%,28%,42%,0%,60%,38%
Toti Gomes,CB,44%,71%,72%,0%,16%,69%
Nasser Djiga,CB,13%,18%,10%,75%,10%,5%
Nélson Semedo,RWB,39%,38%,55%,0%,40%,20%
Rayan Ait Nouri,LWB,27%,41%,29%,95%,79%,30%
Rodrigo Gomes,LWB,10%,75%,20%,99%,71%,5%
Joe Hodge,DM,41%,66%,42%,52%,54%,84%
Joao Gomes,DM,16%,29%,81%,59%,43%,62%
Thomas Doyle,DM,2%,78%,68%,73%,80%,96%
Boubacar Traore,CM,63%,85%,28%,0%,63%,30%
Andre,CM,4%,12%,65%,0%,5%,60%
Marshall Munetsi,AM,97%,10%,92%,31%,30%,1%
Matheus Cunha,AM,45%,75%,70%,97%,99%,79%
Pablo Sarabia,AM,49%,58%,85%,55%,40%,87%
Jean-Ricner Bellegarde,AM,51%,42%,90%,11%,9%,40%
Hee-Chan Hwang,LW,15%,4%,34%,63%,5%,14%
Carlos Forbs,LW,26%,75%,16%,44%,13%,19%
Jørgen Strand Larsen,ST,73%,42%,68%,60%,9%,18%
Sasa Kalajdzic,ST,73%,23%,97%,11%,4%,68%
Goncalo Guedes,ST,45%,38%,47%,79%,88%,32%
Pedro Porro,RB,19%,95%,73%,81%,95%,93%
Ashley Phillips,CB,69%,19%,71%,38%,31%,16%
Kevin Danso,CB,83%,63%,96%,44%,83%,81%
Radu Dragusin,CB,50%,20%,36%,41%,22%,34%
Archie Gray,CB,2%,64%,3%,0%,0%,55%
Cristian Romero,CB,75%,87%,61%,39%,78%,89%
Ben Davies,CB,65%,64%,42%,41%,45%,94%
Micky van de Ven,CB,41%,56%,16%,0%,62%,83%
Sergio Reguilon,LB,95%,67%,95%,0%,4%,97%
Destiny Udogie,LB,16%,40%,66%,0%,14%,61%
Djed Spence,LB,78%,37%,82%,85%,40%,85%
Yves Bissouma,CM,33%,44%,84%,73%,54%,73%
James Maddison,CM,9%,96%,15%,99%,92%,88%
Lucas Bergvall,CM,35%,62%,87%,31%,59%,69%
Pape Sarr,CM,80%,31%,58%,84%,76%,38%
Rodrigo Bentancur,CM,85%,9%,97%,61%,45%,77%
Min-Hyeok Yang,RM,9%,64%,6%,98%,90%,2%
Dejan Kulusevski,RW,8%,98%,13%,95%,99%,30%
Brennan Johnson,RW,25%,7%,37%,91%,49%,4%
Wilson Odobert,RW,37%,7%,27%,75%,38%,32%
Mikey Moore,RW,13%,25%,3%,37%,28%,51%
Manor Solomon,LW,0%,89%,6%,59%,46%,57%
Heung-Min Son,LW,14%,78%,1%,70%,77%,55%
Mathys Tel,LW,39%,49%,42%,70%,93%,40%
Timo Werner,LW,3%,47%,15%,9%,65%,64%
Will Lankshear,ST,38%,2%,71%,32%,59%,24%
Richarlison,ST,38%,19%,79%,62%,62%,73%
Dominic Solanke,ST,65%,31%,84%,54%,34%,35%
Dane Scarlett,ST,49%,18%,82%,74%,10%,14%
James Justin,RB,98%,8%,82%,87%,66%,39%
Ricardo Pereira,RB,81%,69%,71%,0%,18%,97%
Woyo Coulibaly,RB,44%,45%,20%,0%,19%,35%
Wout Faes,CB,22%,27%,59%,54%,37%,55%
Conor Coady,CB,2%,3%,7%,87%,4%,45%
Memeh Caleb Okoli,CB,47%,0%,92%,72%,13%,50%
Harry Souttar,CB,100%,14%,63%,0%,75%,85%
Jannik Vestergaard,CB,54%,37%,49%,47%,38%,60%
Ben Nelson,CB,79%,6%,92%,77%,18%,9%
Victor Kristiansen,LB,49%,35%,73%,0%,2%,29%
Luke Thomas,LB,74%,37%,93%,0%,39%,68%
Wilfred Ndidi,DM,92%,20%,90%,24%,32%,17%
Harry Winks,DM,17%,52%,5%,40%,22%,83%
Oliver Skipp,DM,57%,43%,53%,0%,6%,34%
Boubakary Soumaré,DM,62%,7%,38%,0%,5%,60%
Bilal El Khannouss,AM,71%,75%,57%,21%,12%,76%
Jordan Ayew,AM,93%,18%,57%,85%,25%,12%
Abdul Fatawu,RW,96%,7%,98%,9%,40%,65%
Kasey McAteer,RW,83%,11%,92%,24%,25%,24%
Facundo Buonanotte,RW,78%,43%,99%,72%,63%,78%
Will Alves,LW,31%,35%,23%,16%,42%,6%
Stephy Mavididi,LW,38%,29%,64%,65%,31%,64%
Bobby Reid,LW,65%,9%,44%,14%,13%,21%
Jamie Vardy,ST,45%,17%,27%,29%,14%,1%
Patson Daka,ST,88%,0%,88%,11%,19%,1%
Odsonne Edouard,ST,54%,36%,97%,7%,65%,86%
Harry Clarke,RB,100%,40%,89%,0%,18%,42%
Axel Tuanzebe,RB,74%,3%,55%,0%,5%,9%
Luke Woolfenden,CB,32%,0%,56%,0%,9%,14%
Cameron Burgess,CB,81%,83%,58%,0%,60%,37%
Jacob Greaves,CB,94%,48%,84%,52%,34%,18%
Dara O'Shea,CB,94%,48%,77%,33%,79%,23%
Ben Godfrey,CB,85%,20%,15%,0%,18%,11%
Leif Davis,LB,68%,99%,26%,50%,42%,10%
Conor Townsend,LB,92%,96%,74%,0%,38%,36%
Sam Morsy,DM,34%,39%,63%,26%,13%,37%
Kalvin Phillips,DM,41%,15%,93%,41%,26%,59%
Jens-Lys Cajuste,DM,35%,21%,56%,35%,26%,19%
Jack Taylor,DM,43%,27%,68%,75%,95%,29%
Massimo Luongo,CM,13%,4%,76%,0%,42%,80%
Conor Chaplin,AM,33%,8%,43%,37%,48%,31%
Omari Hutchinson,AM,18%,19%,29%,13%,24%,43%
Ben Johnson,RW,83%,10%,100%,6%,1%,37%
Wes Burns,RW,62%,10%,53%,0%,4%,10%
Chiedozie Ogbene,RW,69%,19%,18%,0%,0%,9%
Jaden Philogene-Bidace,RW,34%,5%,98%,49%,43%,15%
Sammie Szmodics,LW,32%,1%,52%,82%,38%,0%
Nathan Broadhead,LW,4%,11%,41%,35%,28%,35%
Jack Clarke,LW,41%,87%,85%,55%,20%,51%
Ali Al Hamadi,ST,64%,18%,87%,18%,26%,45%
Marcus Harness,ST,56%,50%,100%,5%,3%,83%
George Hirst,ST,90%,20%,79%,65%,35%,30%
Ronnie Edwards,CB,55%,44%,80%,87%,75%,41%
Jack Stephens,CB,0%,33%,33%,76%,17%,68%
Taylor Harwood-Bellis,CB,52%,88%,46%,93%,80%,91%
James Bree,CB,7%,98%,1%,94%,25%,62%
Nathan Wood,CB,35%,9%,35%,0%,17%,76%
Jan Bednarek,CB,75%,16%,95%,59%,19%,67%
Armel Bella-Kotchap,CB,65%,0%,38%,0%,31%,91%
Joachim Kayi Sanda,CB,81%,0%,89%,0%,36%,76%
Charlie Taylor,LB,81%,36%,97%,0%,0%,97%
Welington,LB,85%,27%,75%,0%,48%,29%
Kyle Walker-Peters,RWB,6%,40%,18%,0%,59%,53%
Ryan Manning,LWB,45%,97%,44%,0%,69%,26%
Shea Charles,CM,78%,80%,76%,22%,25%,52%
Flynn Downes,CM,43%,26%,88%,34%,10%,38%
Joe Aribo,CM,71%,24%,25%,63%,23%,45%
William Smallbone,CM,20%,58%,51%,56%,30%,30%
Adam Lallana,CM,26%,74%,28%,0%,78%,93%
Yukinari Sugawara,RM,4%,78%,47%,84%,75%,54%
Mateus Fernandes,AM,50%,34%,93%,8%,14%,82%
Albert Grønbæk,AM,55%,62%,66%,30%,67%,42%
Tyler Dibling,RW,39%,17%,78%,29%,24%,37%
Ben Brereton Diaz,RW,94%,16%,56%,46%,52%,10%
Ryan Fraser,LW,53%,2%,72%,0%,3%,21%
Adam Armstrong,ST,7%,16%,33%,16%,21%,24%
Ross Stewart,ST,76%,12%,96%,100%,99%,96%
Cameron Archer,ST,10%,1%,29%,21%,19%,15%
Kamaldeen Sulemana,ST,21%,33%,73%,4%,17%,84%
Paul Onuachu,ST,99%,19%,91%,29%,70%,81%
