player_id,name,nationality,position,shirt_number,image_path
9943,Almen Abdi,Switzerland,M,22.0,premier_league_data/season_1617/Almen_Abdi_9943.png
13286,Tammy Abraham,England,F,90.0,premier_league_data/season_1617/Tammy_Abraham_13286.png
4081,Charlie Adam,Scotland,M,,premier_league_data/season_1617/Charlie_Adam_4081.png
13549,Tosin Adarabioyo,England,D,4.0,premier_league_data/season_1617/Tosin_Adarabioyo_13549.png
2845,Emmanuel Adebayor,Togo,F,10.0,premier_league_data/season_1617/Emmanuel_Adebayor_2845.png
9131,Albert Adomah,Ghana,D,37.0,premier_league_data/season_1617/Albert_Adomah_9131.png
4852,Adrián,Spain,G,13.0,premier_league_data/season_1617/Adrián_4852.png
4968,Ibrahim Afellay,Netherlands,M,17.0,premier_league_data/season_1617/Ibrahim_Afellay_4968.png
4040,Benik Afobe,DR Congo,F,7.0,premier_league_data/season_1617/Benik_Afobe_4040.png
13569,Michael Agazzi,Italy,G,25.0,
4328,Sergio Agüero,Argentina,F,19.0,premier_league_data/season_1617/Sergio_Agüero_4328.png
10559,Daniel Agyei,England,F,7.0,premier_league_data/season_1617/Daniel_Agyei_10559.png
4183,Ahmed El Mohamady,Egypt,D,27.0,premier_league_data/season_1617/Ahmed_El_Mohamady_4183.png
10439,Ola Aina,Nigeria,D,34.0,premier_league_data/season_1617/Ola_Aina_10439.png
4499,Nathan Aké,Netherlands,D,6.0,premier_league_data/season_1617/Nathan_Aké_4499.png
4482,Chuba Akpom,England,F,24.0,premier_league_data/season_1617/Chuba_Akpom_4482.png
3564,Marc Albrighton,England,M,22.0,premier_league_data/season_1617/Marc_Albrighton_3564.png
4916,Toby Alderweireld,Belgium,D,23.0,premier_league_data/season_1617/Toby_Alderweireld_4916.png
14732,Trent Alexander-Arnold,England,D,66.0,premier_league_data/season_1617/Trent_Alexander-Arnold_14732.png
13984,Allan,Brazil,M,28.0,
4413,Joe Allen,Wales,M,7.0,premier_league_data/season_1617/Joe_Allen_4413.png
9167,Dele Alli,England,M,11.0,premier_league_data/season_1617/Dele_Alli_9167.png
3732,Ryan Allsop,England,G,21.0,premier_league_data/season_1617/Ryan_Allsop_3732.png
4093,Marcos Alonso,Spain,D,20.0,premier_league_data/season_1617/Marcos_Alonso_4093.png
14743,Paulo Alves,Portugal,M,,
12306,Daniel Amartey,Ghana,D,12.0,premier_league_data/season_1617/Daniel_Amartey_12306.png
4835,Jordi Amat,Indonesia,D,5.0,premier_league_data/season_1617/Jordi_Amat_4835.png
5602,Marco Amelia,Italy,G,32.0,
15128,Luke Amos,England,M,8.0,premier_league_data/season_1617/Luke_Amos_15128.png
5490,Nordin Amrabat,Morocco,F,37.0,premier_league_data/season_1617/Nordin_Amrabat_5490.png
10475,Ander Herrera,Spain,M,21.0,premier_league_data/season_1617/Ander_Herrera_10475.png
8234,Tom Anderson,England,D,4.0,premier_league_data/season_1617/Tom_Anderson_8234.png
12512,Andrea Ranocchia,Italy,D,13.0,premier_league_data/season_1617/Andrea_Ranocchia_12512.png
10476,Andreas Pereira,Brazil,M,18.0,premier_league_data/season_1617/Andreas_Pereira_10476.png
10467,Angeliño,Spain,D,3.0,premier_league_data/season_1617/Angeliño_10467.png
2905,Victor Anichebe,Nigeria,F,28.0,premier_league_data/season_1617/Victor_Anichebe_2905.png
9595,Michail Antonio,Jamaica,F,,premier_league_data/season_1617/Michail_Antonio_9595.png
9950,Ikechi Anya,Scotland,M,,premier_league_data/season_1617/Ikechi_Anya_9950.png
3127,Álvaro Arbeloa,Spain,D,5.0,premier_league_data/season_1617/Álvaro_Arbeloa_3127.png
8242,Scott Arfield,Canada,M,37.0,premier_league_data/season_1617/Scott_Arfield_8242.png
7175,Giedrius Arlauskis,Lithuania,G,87.0,premier_league_data/season_1617/Giedrius_Arlauskis_7175.png
4823,Marko Arnautovic,Austria,F,8.0,premier_league_data/season_1617/Marko_Arnautovic_4823.png
8050,Harry Arter,Ireland,M,,premier_league_data/season_1617/Harry_Arter_8050.png
2704,Mikel Arteta,Spain,M,8.0,premier_league_data/season_1617/Mikel_Arteta_2704.png
15079,Joel Asoro,Sweden,F,99.0,premier_league_data/season_1617/Joel_Asoro_15079.png
4859,Christian Atsu,Ghana,M,,premier_league_data/season_1617/Christian_Atsu_4859.png
9468,Charlie Austin,England,F,32.0,premier_league_data/season_1617/Charlie_Austin_9468.png
3901,Daniel Ayala,Spain,D,4.0,premier_league_data/season_1617/Daniel_Ayala_3901.png
5595,Jordan Ayew,Ghana,F,18.0,premier_league_data/season_1617/Jordan_Ayew_5595.png
4496,César Azpilicueta,Spain,D,3.0,premier_league_data/season_1617/César_Azpilicueta_4496.png
13279,Abdul Baba,Ghana,D,21.0,premier_league_data/season_1617/Abdul_Baba_13279.png
9762,Daniel Bachmann,Austria,G,35.0,premier_league_data/season_1617/Daniel_Bachmann_9762.png
12937,Eric Bailly,Cote D’Ivoire,D,4.0,premier_league_data/season_1617/Eric_Bailly_12937.png
3030,Leighton Baines,England,D,3.0,premier_league_data/season_1617/Leighton_Baines_3030.png
4749,Lewis Baker,Jamaica,M,,premier_league_data/season_1617/Lewis_Baker_4749.png
8457,Courtney Baker-Richardson,England,F,9.0,
4152,Mario Balotelli,Italy,F,9.0,premier_league_data/season_1617/Mario_Balotelli_4152.png
4291,Patrick Bamford,England,F,,premier_league_data/season_1617/Patrick_Bamford_4291.png
4067,Alex Baptiste,England,D,27.0,premier_league_data/season_1617/Alex_Baptiste_4067.png
2517,Phil Bardsley,Scotland,D,27.0,premier_league_data/season_1617/Phil_Bardsley_2517.png
10545,Brandon Barker,England,F,7.0,premier_league_data/season_1617/Brandon_Barker_10545.png
4115,Ross Barkley,England,M,6.0,premier_league_data/season_1617/Ross_Barkley_4115.png
8246,Ashley Barnes,England,F,35.0,premier_league_data/season_1617/Ashley_Barnes_8246.png
2913,Antonio Barragán,Spain,D,19.0,premier_league_data/season_1617/Antonio_Barragán_2913.png
10520,Modou Barrow,Gambia,F,7.0,premier_league_data/season_1617/Modou_Barrow_10520.png
1308,Gareth Barry,England,M,18.0,premier_league_data/season_1617/Gareth_Barry_1308.png
3312,Kyle Bartley,England,D,5.0,premier_league_data/season_1617/Kyle_Bartley_3312.png
2303,Joey Barton,England,M,19.0,premier_league_data/season_1617/Joey_Barton_2303.png
16622,Borja Bastón,Spain,F,9.0,premier_league_data/season_1617/Borja_Bastón_16622.png
7450,Michy Batshuayi,Belgium,F,30.0,premier_league_data/season_1617/Michy_Batshuayi_7450.png
22018,Daniel Batty,England,M,18.0,
14568,Nathan Baxter,England,G,1.0,
2537,Asmir Begovic,Bosnia & Herzegovina,G,31.0,premier_league_data/season_1617/Asmir_Begovic_2537.png
3765,Valon Behrami,Switzerland,M,11.0,premier_league_data/season_1617/Valon_Behrami_3765.png
9932,Essaïd Belkalem,Algeria,D,21.0,premier_league_data/season_1617/Essaïd_Belkalem_9932.png
4474,Héctor Bellerín,Spain,D,2.0,premier_league_data/season_1617/Héctor_Bellerín_4474.png
13490,Yohan Benalouane,Tunisia,D,29.0,premier_league_data/season_1617/Yohan_Benalouane_13490.png
13120,Ismaël Bennacer,Algeria,M,22.0,
4847,Nabil Bentaleb,Algeria,M,6.0,premier_league_data/season_1617/Nabil_Bentaleb_4847.png
4492,Christian Benteke,Belgium,F,20.0,premier_league_data/season_1617/Christian_Benteke_4492.png
4205,Saido Berahino,Burundi,F,24.0,premier_league_data/season_1617/Saido_Berahino_4205.png
6215,Steven Berghuis,Netherlands,F,23.0,premier_league_data/season_1617/Steven_Berghuis_6215.png
2886,Ryan Bertrand,England,D,5.0,premier_league_data/season_1617/Ryan_Bertrand_2886.png
10451,Muhamed Besic,Bosnia & Herzegovina,M,5.0,premier_league_data/season_1617/Muhamed_Besic_10451.png
10426,Krystian Bielik,Poland,D,6.0,premier_league_data/season_1617/Krystian_Bielik_10426.png
19655,Mark Birighitti,Australia,G,19.0,premier_league_data/season_1617/Mark_Birighitti_19655.png
4283,Jamal Blackman,England,G,31.0,premier_league_data/season_1617/Jamal_Blackman_4283.png
4888,Daley Blind,Netherlands,D,17.0,premier_league_data/season_1617/Daley_Blind_4888.png
4769,Hiram Boateng,England,M,44.0,premier_league_data/season_1617/Hiram_Boateng_4769.png
10441,Jérémie Boga,Cote D’Ivoire,F,7.0,premier_league_data/season_1617/Jérémie_Boga_10441.png
3348,Ádám Bogdán,Hungary,G,1.0,premier_league_data/season_1617/Ádám_Bogdán_3348.png
4898,Bojan,Spain,F,15.0,premier_league_data/season_1617/Bojan_4898.png
14431,Marc Bola,England,D,16.0,
4763,Yannick Bolasie,DR Congo,F,17.0,premier_league_data/season_1617/Yannick_Bolasie_4763.png
4838,Wilfried Bony,Cote D’Ivoire,F,2.0,premier_league_data/season_1617/Wilfried_Bony_4838.png
3863,Fabio Borini,Italy,F,16.0,premier_league_data/season_1617/Fabio_Borini_3863.png
13560,Cameron Borthwick-Jackson,England,D,3.0,
4601,Artur Boruc,Poland,G,1.0,premier_league_data/season_1617/Artur_Boruc_4601.png
12584,Sofiane Boufal,Morocco,F,23.0,premier_league_data/season_1617/Sofiane_Boufal_12584.png
8868,Jarrod Bowen,England,F,20.0,premier_league_data/season_1617/Jarrod_Bowen_8868.png
4788,George Boyd,Scotland,F,14.0,premier_league_data/season_1617/George_Boyd_4788.png
4158,Robert Brady,Ireland,M,11.0,premier_league_data/season_1617/Robert_Brady_4158.png
9032,Cameron Brannagan,England,M,,premier_league_data/season_1617/Cameron_Brannagan_9032.png
5810,Claudio Bravo,Chile,G,25.0,premier_league_data/season_1617/Claudio_Bravo_5810.png
14742,Rhian Brewster,England,F,,premier_league_data/season_1617/Rhian_Brewster_14742.png
3364,Liam Bridcutt,Scotland,M,35.0,premier_league_data/season_1617/Liam_Bridcutt_3364.png
5668,Miguel Britos,Uruguay,D,3.0,premier_league_data/season_1617/Miguel_Britos_5668.png
2152,Leon Britton,England,M,7.0,premier_league_data/season_1617/Leon_Britton_2152.png
4674,Isaiah Brown,England,M,20.0,premier_league_data/season_1617/Isaiah_Brown_4674.png
13873,Marcus Browne,England,M,18.0,premier_league_data/season_1617/Marcus_Browne_13873.png
2624,Alex Bruce,Northern Ireland,D,14.0,premier_league_data/season_1617/Alex_Bruce_2624.png
3744,Chris Brunt,Northern Ireland,M,29.0,premier_league_data/season_1617/Chris_Brunt_3744.png
11952,Callum Buckley,England,D,,
9982,Reece Burke,England,D,16.0,premier_league_data/season_1617/Reece_Burke_9982.png
11965,Matt Butcher,England,M,26.0,premier_league_data/season_1617/Matt_Butcher_11965.png
4634,Jack Butland,England,G,1.0,premier_league_data/season_1617/Jack_Butland_4634.png
8945,Sam Byram,England,D,25.0,premier_league_data/season_1617/Sam_Byram_8945.png
10466,Willy Caballero,Argentina,G,1.0,premier_league_data/season_1617/Willy_Caballero_10466.png
4341,Yohan Cabaye,France,M,29.0,premier_league_data/season_1617/Yohan_Cabaye_4341.png
5513,Martín Cáceres,Uruguay,D,22.0,
2620,Gary Cahill,England,D,24.0,premier_league_data/season_1617/Gary_Cahill_2620.png
19859,Jonathan Calleri,Argentina,F,16.0,premier_league_data/season_1617/Jonathan_Calleri_19859.png
9576,Dominic Calvert-Lewin,England,F,9.0,premier_league_data/season_1617/Dominic_Calvert-Lewin_9576.png
4636,Geoff Cameron,United States,D,20.0,premier_league_data/season_1617/Geoff_Cameron_4636.png
4254,Joel Campbell,Costa Rica,F,8.0,premier_league_data/season_1617/Joel_Campbell_4254.png
5001,Emre Can,Germany,M,23.0,premier_league_data/season_1617/Emre_Can_5001.png
13225,Sergi Canós,Spain,M,7.0,premier_league_data/season_1617/Sergi_Canós_13225.png
4843,Étienne Capoue,France,M,6.0,premier_league_data/season_1617/Étienne_Capoue_4843.png
9130,Mustapha Carayol,Gambia,M,,
9869,Baily Cargill,England,D,6.0,premier_league_data/season_1617/Baily_Cargill_9869.png
1634,Michael Carrick,England,M,16.0,premier_league_data/season_1617/Michael_Carrick_1634.png
4430,Tom Carroll,England,M,11.0,premier_league_data/season_1617/Tom_Carroll_4430.png
13814,Cameron Carter-Vickers,United States,D,20.0,premier_league_data/season_1617/Cameron_Carter-Vickers_13814.png
3160,Craig Cathcart,Northern Ireland,D,,premier_league_data/season_1617/Craig_Cathcart_3160.png
2949,Lee Cattermole,England,M,6.0,premier_league_data/season_1617/Lee_Cattermole_2949.png
4477,Santi Cazorla,Spain,M,8.0,premier_league_data/season_1617/Santi_Cazorla_4477.png
2651,Petr Cech,Czech Republic,G,1.0,premier_league_data/season_1617/Petr_Cech_2651.png
11347,Cédric Soares,Portugal,D,12.0,premier_league_data/season_1617/Cédric_Soares_11347.png
5559,Bersant Celina,Kosovo,M,23.0,premier_league_data/season_1617/Bersant_Celina_5559.png
4844,Nacer Chadli,Belgium,M,89.0,premier_league_data/season_1617/Nacer_Chadli_4844.png
4105,Nathaniel Chalobah,England,M,4.0,premier_league_data/season_1617/Nathaniel_Chalobah_4105.png
4039,Marouane Chamakh,Morocco,F,27.0,premier_league_data/season_1617/Marouane_Chamakh_4039.png
4620,Calum Chambers,England,D,12.0,premier_league_data/season_1617/Calum_Chambers_4620.png
2936,James Chester,Wales,D,17.0,premier_league_data/season_1617/James_Chester_2936.png
13491,Ben Chilwell,England,D,25.0,premier_league_data/season_1617/Ben_Chilwell_13491.png
13510,Pedro Chirivella,Spain,M,5.0,premier_league_data/season_1617/Pedro_Chirivella_13510.png
4495,Andreas Christensen,Denmark,D,15.0,premier_league_data/season_1617/Andreas_Christensen_4495.png
14196,Josh Clackstone,England,D,2.0,premier_league_data/season_1617/Josh_Clackstone_14196.png
11146,Jake Clarke-Salter,England,D,6.0,premier_league_data/season_1617/Jake_Clarke-Salter_11146.png
12365,Jordy Clasie,Netherlands,M,8.0,premier_league_data/season_1617/Jordy_Clasie_12365.png
3658,Adam Clayton,England,M,40.0,premier_league_data/season_1617/Adam_Clayton_3658.png
13507,Daniel Cleary,Ireland,D,6.0,
3448,Tom Cleverley,England,M,8.0,premier_league_data/season_1617/Tom_Cleverley_3448.png
2413,Gaël Clichy,France,D,3.0,premier_league_data/season_1617/Gaël_Clichy_2413.png
9100,Sam Clucas,England,M,4.0,premier_league_data/season_1617/Sam_Clucas_9100.png
4604,Nathaniel Clyne,England,D,17.0,premier_league_data/season_1617/Nathaniel_Clyne_4604.png
4313,Sebastián Coates,Uruguay,D,4.0,premier_league_data/season_1617/Sebastián_Coates_4313.png
3600,Séamus Coleman,Ireland,D,,premier_league_data/season_1617/Séamus_Coleman_3600.png
4746,Charlie Colkett,England,M,,
3010,James Collins,Wales,D,39.0,premier_league_data/season_1617/James_Collins_3010.png
13388,Callum Connolly,England,M,16.0,premier_league_data/season_1617/Callum_Connolly_13388.png
8045,Steve Cook,England,D,5.0,premier_league_data/season_1617/Steve_Cook_8045.png
3549,Francis Coquelin,France,M,13.0,premier_league_data/season_1617/Francis_Coquelin_3549.png
2889,Jack Cork,England,D,4.0,premier_league_data/season_1617/Jack_Cork_2889.png
4911,Thibaut Courtois,Belgium,G,1.0,premier_league_data/season_1617/Thibaut_Courtois_4911.png
2847,Craig Gardner,England,M,8.0,premier_league_data/season_1617/Craig_Gardner_2847.png
8897,Aaron Cresswell,England,D,3.0,premier_league_data/season_1617/Aaron_Cresswell_8897.png
13339,Luke Croll,England,D,,
1629,Peter Crouch,England,F,15.0,premier_league_data/season_1617/Peter_Crouch_1629.png
6615,Juan Cuadrado,Colombia,M,7.0,premier_league_data/season_1617/Juan_Cuadrado_6615.png
5174,Cristián Cuevas,Chile,D,15.0,
10539,Josh Cullen,Ireland,M,24.0,premier_league_data/season_1617/Josh_Cullen_10539.png
10797,Damiá,Spain,D,2.0,
3242,Charlie Daniels,England,D,23.0,premier_league_data/season_1617/Charlie_Daniels_3242.png
3807,Scott Dann,England,D,6.0,premier_league_data/season_1617/Scott_Dann_3807.png
2531,Danny Graham,England,F,18.0,
8389,Tendayi Darikwa,Zimbabwe,D,2.0,premier_league_data/season_1617/Tendayi_Darikwa_8389.png
12854,Matteo Darmian,Italy,D,36.0,premier_league_data/season_1617/Matteo_Darmian_12854.png
14457,Josh Dasilva,England,M,10.0,premier_league_data/season_1617/Josh_Dasilva_14457.png
2523,David Jones,England,D,35.0,premier_league_data/season_1617/David_Jones_2523.png
4100,David Luiz,Brazil,D,23.0,premier_league_data/season_1617/David_Luiz_4100.png
13389,Tom Davies,England,M,22.0,premier_league_data/season_1617/Tom_Davies_13389.png
2971,Kelvin Davis,England,G,1.0,premier_league_data/season_1617/Kelvin_Davis_2971.png
2805,Michael Dawson,England,D,21.0,premier_league_data/season_1617/Michael_Dawson_2805.png
4288,Kevin De Bruyne,Belgium,M,17.0,premier_league_data/season_1617/Kevin_De_Bruyne_4288.png
4330,David de Gea,Spain,G,43.0,premier_league_data/season_1617/David_de_Gea_4330.png
3666,Ritchie De Laet,Belgium,D,2.0,premier_league_data/season_1617/Ritchie_De_Laet_3666.png
13571,Carlos de Pena,Uruguay,M,14.0,premier_league_data/season_1617/Carlos_de_Pena_13571.png
19621,Marten de Roon,Netherlands,M,15.0,premier_league_data/season_1617/Marten_de_Roon_19621.png
7435,Julien De Sart,Belgium,M,13.0,premier_league_data/season_1617/Julien_De_Sart_7435.png
14834,Zachary Dearnley,England,F,,premier_league_data/season_1617/Zachary_Dearnley_14834.png
4546,Mathieu Debuchy,France,D,26.0,premier_league_data/season_1617/Mathieu_Debuchy_4546.png
9947,Troy Deeney,England,F,14.0,premier_league_data/season_1617/Troy_Deeney_9947.png
1526,Jermain Defoe,England,F,10.0,premier_league_data/season_1617/Jermain_Defoe_1526.png
5345,Steven Defour,Belgium,M,88.0,premier_league_data/season_1617/Steven_Defour_5345.png
1911,Damien Delaney,Ireland,D,,premier_league_data/season_1617/Damien_Delaney_1911.png
3799,Fabian Delph,England,M,8.0,premier_league_data/season_1617/Fabian_Delph_3799.png
4123,Mousa Dembélé,Belgium,M,8.0,premier_league_data/season_1617/Mousa_Dembélé_4123.png
4802,Martín Demichelis,Argentina,D,3.0,premier_league_data/season_1617/Martín_Demichelis_4802.png
11002,Jason Denayer,Belgium,D,5.0,premier_league_data/season_1617/Jason_Denayer_11002.png
7120,Memphis Depay,Netherlands,F,9.0,premier_league_data/season_1617/Memphis_Depay_7120.png
4777,Gerard Deulofeu,Spain,F,10.0,premier_league_data/season_1617/Gerard_Deulofeu_4777.png
3982,Mohamed Diamé,Senegal,M,21.0,premier_league_data/season_1617/Mohamed_Diamé_3982.png
15199,Grady Diangana,DR Congo,M,,premier_league_data/season_1617/Grady_Diangana_15199.png
14800,Brahim Díaz,Morocco,F,21.0,premier_league_data/season_1617/Brahim_Díaz_14800.png
4941,Diego Costa,Spain,F,29.0,premier_league_data/season_1617/Diego_Costa_4941.png
4112,Eric Dier,England,D,15.0,premier_league_data/season_1617/Eric_Dier_4112.png
12983,Adama Diomande,Norway,F,99.0,premier_league_data/season_1617/Adama_Diomande_12983.png
10506,Dionatan Teixeira,Slovakia,D,23.0,premier_league_data/season_1617/Dionatan_Teixeira_10506.png
3925,Mame Diouf,Senegal,F,92.0,premier_league_data/season_1617/Mame_Diouf_3925.png
2125,Sylvain Distin,France,D,25.0,premier_league_data/season_1617/Sylvain_Distin_2125.png
5577,Brice Dja Djédjé,Cote D’Ivoire,D,26.0,premier_league_data/season_1617/Brice_Dja_Djédjé_5577.png
13957,Papy Djilobodji,Senegal,D,3.0,premier_league_data/season_1617/Papy_Djilobodji_13957.png
13874,George Dobson,England,M,15.0,
10380,Joseph Dodoo,England,F,,premier_league_data/season_1617/Joseph_Dodoo_10380.png
19678,Domingos Quina,Portugal,M,8.0,premier_league_data/season_1617/Domingos_Quina_19678.png
13823,Abdoulaye Doucouré,Mali,M,16.0,premier_league_data/season_1617/Abdoulaye_Doucouré_13823.png
10455,Kieran Dowell,England,M,30.0,premier_league_data/season_1617/Kieran_Dowell_10455.png
2122,Stewart Downing,England,M,19.0,premier_league_data/season_1617/Stewart_Downing_2122.png
13340,Luke Dreher,England,M,16.0,premier_league_data/season_1617/Luke_Dreher_13340.png
3670,Danny Drinkwater,England,M,15.0,premier_league_data/season_1617/Danny_Drinkwater_3670.png
3835,Michael Duff,Northern Ireland,D,4.0,premier_league_data/season_1617/Michael_Duff_3835.png
10456,Courtney Duffus,Ireland,F,14.0,
8235,Cameron Dummigan,Northern Ireland,D,23.0,premier_league_data/season_1617/Cameron_Dummigan_8235.png
2381,Lloyd Dyer,England,M,11.0,
13799,Éder,Portugal,F,19.0,premier_league_data/season_1617/Éder_13799.png
12265,Eduardo,Portugal,G,82.0,premier_league_data/season_1617/Eduardo_12265.png
15038,Tom Edwards,England,D,2.0,
14753,Ovie Ejaria,England,M,14.0,premier_league_data/season_1617/Ovie_Ejaria_14753.png
9933,Joel Ekstrand,Sweden,D,26.0,premier_league_data/season_1617/Joel_Ekstrand_9933.png
4240,Omar Elabdellaoui,Norway,D,3.0,premier_league_data/season_1617/Omar_Elabdellaoui_4240.png
8962,Callum Elder,Australia,D,20.0,premier_league_data/season_1617/Callum_Elder_8962.png
21468,Andrew Eleftheriou,England,D,15.0,premier_league_data/season_1617/Andrew_Eleftheriou_21468.png
8046,Tommy Elphick,England,D,4.0,premier_league_data/season_1617/Tommy_Elphick_8046.png
15073,Elliot Embleton,England,M,44.0,premier_league_data/season_1617/Elliot_Embleton_15073.png
13875,Emmanuel Emenike,Nigeria,F,10.0,premier_league_data/season_1617/Emmanuel_Emenike_13875.png
10800,Emilio Nsue,Equatorial Guinea,D,7.0,premier_league_data/season_1617/Emilio_Nsue_10800.png
2612,Emmanuel Eboué,Cote D’Ivoire,D,14.0,premier_league_data/season_1617/Emmanuel_Eboué_2612.png
3679,Marvin Emnes,Netherlands,F,,premier_league_data/season_1617/Marvin_Emnes_3679.png
4845,Christian Eriksen,Denmark,M,14.0,premier_league_data/season_1617/Christian_Eriksen_4845.png
19601,Bernardo Espinosa,Colombia,D,20.0,premier_league_data/season_1617/Bernardo_Espinosa_19601.png
6494,Evandro,Brazil,M,7.0,premier_league_data/season_1617/Evandro_6494.png
3156,Jonny Evans,Northern Ireland,D,35.0,premier_league_data/season_1617/Jonny_Evans_3156.png
3309,Lukasz Fabianski,Poland,G,1.0,premier_league_data/season_1617/Lukasz_Fabianski_3309.png
3665,Fábio,Brazil,D,2.0,premier_league_data/season_1617/Fábio_3665.png
2417,Cesc Fàbregas,Spain,M,4.0,premier_league_data/season_1617/Cesc_Fàbregas_2417.png
13553,David Faupala,France,F,9.0,premier_league_data/season_1617/David_Faupala_13553.png
7215,Federico Fazio,Argentina,D,17.0,premier_league_data/season_1617/Federico_Fazio_7215.png
3182,Adam Federici,Australia,G,,premier_league_data/season_1617/Adam_Federici_3182.png
5672,Federico Fernández,Argentina,D,2.0,premier_league_data/season_1617/Federico_Fernández_5672.png
7564,Sofiane Féghouli,Algeria,M,8.0,premier_league_data/season_1617/Sofiane_Féghouli_7564.png
3604,Marouane Fellaini,Belgium,M,27.0,premier_league_data/season_1617/Marouane_Fellaini_3604.png
4810,Leroy Fer,Netherlands,M,8.0,premier_league_data/season_1617/Leroy_Fer_4810.png
15759,Edimilson Fernandes,Switzerland,D,6.0,premier_league_data/season_1617/Edimilson_Fernandes_15759.png
4804,Fernandinho,Brazil,M,25.0,premier_league_data/season_1617/Fernandinho_4804.png
5344,Fernando,Brazil,M,20.0,premier_league_data/season_1617/Fernando_5344.png
13867,Sam Field,England,M,8.0,premier_league_data/season_1617/Sam_Field_13867.png
4896,Viktor Fischer,Denmark,F,7.0,premier_league_data/season_1617/Viktor_Fischer_4896.png
15161,Jack Fitzwater,England,D,5.0,premier_league_data/season_1617/Jack_Fitzwater_15161.png
2611,Mathieu Flamini,France,M,16.0,premier_league_data/season_1617/Mathieu_Flamini_2611.png
4129,Jon Flanagan,England,D,20.0,premier_league_data/season_1617/Jon_Flanagan_4129.png
22017,Brandon Fleming,England,D,,
3850,Steven Fletcher,Scotland,F,26.0,premier_league_data/season_1617/Steven_Fletcher_3850.png
14805,Phil Foden,England,M,47.0,premier_league_data/season_1617/Phil_Foden_14805.png
14298,Michael Folivi,England,F,27.0,premier_league_data/season_1617/Michael_Folivi_14298.png
3877,Adam Forshaw,England,M,28.0,premier_league_data/season_1617/Adam_Forshaw_3877.png
3170,Fraser Forster,England,G,20.0,premier_league_data/season_1617/Fraser_Forster_3170.png
2932,Ben Foster,England,G,12.0,premier_league_data/season_1617/Ben_Foster_2932.png
13561,Timothy Fosu-Mensah,Netherlands,D,24.0,premier_league_data/season_1617/Timothy_Fosu-Mensah_13561.png
8044,Simon Francis,England,D,2.0,premier_league_data/season_1617/Simon_Francis_8044.png
8052,Ryan Fraser,Scotland,M,24.0,premier_league_data/season_1617/Ryan_Fraser_8052.png
4003,George Friend,England,D,32.0,premier_league_data/season_1617/George_Friend_4003.png
13570,Dael Fry,England,M,,premier_league_data/season_1617/Dael_Fry_13570.png
4335,Ezekiel Fryers,England,D,29.0,premier_league_data/season_1617/Ezekiel_Fryers_4335.png
5371,Christian Fuchs,Austria,D,22.0,premier_league_data/season_1617/Christian_Fuchs_5371.png
7482,Jay Fulton,Scotland,M,28.0,premier_league_data/season_1617/Jay_Fulton_7482.png
13387,Ramiro Funes Mori,Argentina,D,3.0,premier_league_data/season_1617/Ramiro_Funes_Mori_13387.png
12639,Manolo Gabbiadini,Italy,F,23.0,premier_league_data/season_1617/Manolo_Gabbiadini_12639.png
19680,Gabriel Jesus,Brazil,F,9.0,premier_league_data/season_1617/Gabriel_Jesus_19680.png
10423,Gabriel Paulista,Brazil,D,3.0,premier_league_data/season_1617/Gabriel_Paulista_10423.png
9650,Sam Gallagher,England,F,20.0,premier_league_data/season_1617/Sam_Gallagher_9650.png
9163,Brendan Galloway,Zimbabwe,D,22.0,premier_league_data/season_1617/Brendan_Galloway_9163.png
10528,Cristian Gamboa,Costa Rica,D,2.0,premier_league_data/season_1617/Cristian_Gamboa_10528.png
3868,Luke Garbutt,England,D,29.0,premier_league_data/season_1617/Luke_Garbutt_3868.png
12946,Aleix García,Spain,M,24.0,premier_league_data/season_1617/Aleix_García_12946.png
5937,Florin Gardos,Romania,D,25.0,premier_league_data/season_1617/Florin_Gardos_5937.png
4771,Dwight Gayle,England,F,25.0,premier_league_data/season_1617/Dwight_Gayle_4771.png
4600,Paulo Gazzaniga,Argentina,G,13.0,premier_league_data/season_1617/Paulo_Gazzaniga_4600.png
14725,Shamal George,England,G,19.0,premier_league_data/season_1617/Shamal_George_14725.png
4740,Rudy Gestede,Benin,F,14.0,premier_league_data/season_1617/Rudy_Gestede_4740.png
3046,Kieran Gibbs,England,D,3.0,premier_league_data/season_1617/Kieran_Gibbs_3046.png
2942,Darron Gibson,Ireland,M,43.0,premier_league_data/season_1617/Darron_Gibson_2942.png
8249,Jason Gilchrist,England,F,14.0,
4061,Matthew Gilks,Scotland,G,1.0,
10951,Rene Gilmartin,Ireland,G,13.0,premier_league_data/season_1617/Rene_Gilmartin_10951.png
4481,Olivier Giroud,France,F,9.0,premier_league_data/season_1617/Olivier_Giroud_4481.png
851,Shay Given,Ireland,G,24.0,premier_league_data/season_1617/Shay_Given_851.png
10469,George Glendon,England,M,8.0,
4478,Serge Gnabry,Germany,F,29.0,premier_league_data/season_1617/Serge_Gnabry_4478.png
14830,Angel Gomes,England,M,,premier_league_data/season_1617/Angel_Gomes_14830.png
10651,Joe Gomez,England,D,2.0,premier_league_data/season_1617/Joe_Gomez_10651.png
6900,Bafétimbi Gomis,France,F,18.0,premier_league_data/season_1617/Bafétimbi_Gomis_6900.png
11961,Lynden Gooch,United States,M,2.0,premier_league_data/season_1617/Lynden_Gooch_11961.png
13922,Brandon Goodship,England,F,10.0,
10519,Kenji Gorré,Curacao,M,,
3390,Dan Gosling,England,M,32.0,premier_league_data/season_1617/Dan_Gosling_3390.png
13562,Sean Goss,Northern Ireland,M,27.0,premier_league_data/season_1617/Sean_Goss_13562.png
8055,Lewis Grabban,England,F,7.0,premier_league_data/season_1617/Lewis_Grabban_8055.png
12815,Max Gradel,Cote D’Ivoire,M,7.0,premier_league_data/season_1617/Max_Gradel_12815.png
1870,Lee Grant,England,G,,premier_league_data/season_1617/Lee_Grant_1870.png
9060,Andre Gray,Jamaica,F,19.0,premier_league_data/season_1617/Andre_Gray_9060.png
13196,Jordan Green,England,M,10.0,
13794,Rees Greenwood,England,M,,premier_league_data/season_1617/Rees_Greenwood_13794.png
10448,Russell Griffiths,England,G,1.0,premier_league_data/season_1617/Russell_Griffiths_10448.png
8650,Matt Grimes,England,M,6.0,premier_league_data/season_1617/Matt_Grimes_8650.png
21731,Kamil Grosicki,Poland,M,,premier_league_data/season_1617/Kamil_Grosicki_21731.png
13985,Marko Grujic,Serbia,M,8.0,premier_league_data/season_1617/Marko_Grujic_13985.png
6210,Jóhann Gudmundsson,Iceland,F,7.0,premier_league_data/season_1617/Jóhann_Gudmundsson_6210.png
4004,Adlène Guédioura,Algeria,M,6.0,premier_league_data/season_1617/Adlène_Guédioura_4004.png
12582,Idrissa Gueye,Senegal,M,27.0,premier_league_data/season_1617/Idrissa_Gueye_12582.png
5101,Ilkay Gündogan,Germany,M,19.0,premier_league_data/season_1617/Ilkay_Gündogan_5101.png
15269,Angus Gunn,Scotland,G,1.0,premier_league_data/season_1617/Angus_Gunn_15269.png
3558,Brad Guzan,United States,G,1.0,premier_league_data/season_1617/Brad_Guzan_3558.png
3183,Ben Hamer,England,G,26.0,premier_league_data/season_1617/Ben_Hamer_3183.png
4614,Dean Hammond,England,M,,premier_league_data/season_1617/Dean_Hammond_4614.png
3394,Brede Hangeland,Norway,D,4.0,premier_league_data/season_1617/Brede_Hangeland_3394.png
20869,Ollie Harfield,England,D,3.0,
709,Steve Harper,England,G,33.0,premier_league_data/season_1617/Steve_Harper_709.png
15145,Shayon Harrison,England,F,27.0,premier_league_data/season_1617/Shayon_Harrison_15145.png
16592,Josh Harrop,England,M,25.0,
3143,Joe Hart,England,G,1.0,premier_league_data/season_1617/Joe_Hart_3143.png
20494,Mouez Hassen,Tunisia,G,,
13777,Jakob Haugaard,Denmark,G,,premier_league_data/season_1617/Jakob_Haugaard_13777.png
4503,Eden Hazard,Belgium,F,7.0,premier_league_data/season_1617/Eden_Hazard_4503.png
2933,Tom Heaton,England,G,22.0,premier_league_data/season_1617/Tom_Heaton_2933.png
4582,Michael Hector,Jamaica,D,,premier_league_data/season_1617/Michael_Hector_4582.png
3712,Jordan Henderson,England,M,6.0,premier_league_data/season_1617/Jordan_Henderson_3712.png
8586,Jeff Hendrick,Ireland,M,29.0,premier_league_data/season_1617/Jeff_Hendrick_8586.png
11021,Stephen Hendrie,Scotland,D,3.0,premier_league_data/season_1617/Stephen_Hendrie_11021.png
11289,David Henen,Togo,F,77.0,premier_league_data/season_1617/David_Henen_11289.png
2569,Wayne Hennessey,Wales,G,13.0,premier_league_data/season_1617/Wayne_Hennessey_2569.png
13247,Rouwen Hennings,Germany,F,28.0,premier_league_data/season_1617/Rouwen_Hennings_13247.png
6204,Markus Henriksen,Norway,M,7.0,premier_league_data/season_1617/Markus_Henriksen_6204.png
10534,Doneil Henry,Canada,D,44.0,premier_league_data/season_1617/Doneil_Henry_10534.png
10460,Abel Hernández,Uruguay,F,11.0,premier_league_data/season_1617/Abel_Hernández_10460.png
10501,Jake Hesketh,England,M,10.0,premier_league_data/season_1617/Jake_Hesketh_10501.png
3719,Heurelho Gomes,Brazil,G,1.0,premier_league_data/season_1617/Heurelho_Gomes_3719.png
14619,Mateusz Hewelt,Poland,G,23.0,premier_league_data/season_1617/Mateusz_Hewelt_14619.png
1881,Tony Hibbert,England,D,2.0,premier_league_data/season_1617/Tony_Hibbert_1881.png
14197,Ben Hinchcliffe,England,M,,premier_league_data/season_1617/Ben_Hinchcliffe_14197.png
9936,Tommie Hoban,Ireland,D,,premier_league_data/season_1617/Tommie_Hoban_9936.png
11575,Rob Holding,England,D,5.0,premier_league_data/season_1617/Rob_Holding_11575.png
5713,José Holebas,Greece,D,25.0,premier_league_data/season_1617/José_Holebas_5713.png
10564,Mason Holgate,Jamaica,D,3.0,premier_league_data/season_1617/Mason_Holgate_10564.png
14637,Nathan Holland,England,M,37.0,premier_league_data/season_1617/Nathan_Holland_14637.png
13191,Jordan Holmes,Australia,G,21.0,premier_league_data/season_1617/Jordan_Holmes_13191.png
10512,George Honeyman,England,M,39.0,premier_league_data/season_1617/George_Honeyman_10512.png
13551,James Horsfield,England,D,17.0,premier_league_data/season_1617/James_Horsfield_13551.png
2516,Tim Howard,United States,G,1.0,premier_league_data/season_1617/Tim_Howard_2516.png
13870,Sam Howes,England,G,,
2991,Tom Huddlestone,England,M,,premier_league_data/season_1617/Tom_Huddlestone_2991.png
13550,Cameron Humphreys,England,D,24.0,premier_league_data/season_1617/Cameron_Humphreys_13550.png
8598,James Husband,England,D,3.0,premier_league_data/season_1617/James_Husband_8598.png
2053,Robert Huth,Germany,D,,premier_league_data/season_1617/Robert_Huth_2053.png
10734,Emerson Hyndman,United States,M,20.0,premier_league_data/season_1617/Emerson_Hyndman_10734.png
5272,Pierre-Emile Højbjerg,Denmark,M,23.0,premier_league_data/season_1617/Pierre-Emile_Højbjerg_5272.png
4527,Jordon Ibe,England,F,,premier_league_data/season_1617/Jordon_Ibe_4527.png
5772,Zlatan Ibrahimovic,Sweden,F,11.0,premier_league_data/season_1617/Zlatan_Ibrahimovic_5772.png
10957,Odion Ighalo,Nigeria,F,,premier_league_data/season_1617/Odion_Ighalo_10957.png
13554,Kelechi Iheanacho,Nigeria,F,9.0,premier_league_data/season_1617/Kelechi_Iheanacho_13554.png
10542,Dejan Iliev,North Macedonia,G,25.0,
5588,Giannelli Imbula,DR Congo,M,16.0,premier_league_data/season_1617/Giannelli_Imbula_5588.png
8245,Danny Ings,England,F,18.0,premier_league_data/season_1617/Danny_Ings_8245.png
5691,Gökhan Inler,Switzerland,M,88.0,premier_league_data/season_1617/Gökhan_Inler_5691.png
4760,Ryan Inniss,England,D,5.0,premier_league_data/season_1617/Ryan_Inniss_4760.png
2928,Stephen Ireland,Ireland,M,17.0,premier_league_data/season_1617/Stephen_Ireland_2928.png
4621,Lloyd Isgrove,Wales,M,23.0,premier_league_data/season_1617/Lloyd_Isgrove_4621.png
5349,Juan Iturbe,Paraguay,F,12.0,premier_league_data/season_1617/Juan_Iturbe_5349.png
3360,Branislav Ivanovic,Serbia,D,20.0,premier_league_data/season_1617/Branislav_Ivanovic_3360.png
4717,Alex Iwobi,Nigeria,F,17.0,premier_league_data/season_1617/Alex_Iwobi_4717.png
13246,Brad Jackson,England,M,,
3222,Phil Jagielka,England,D,6.0,premier_league_data/season_1617/Phil_Jagielka_3222.png
4793,Calaum Jahraldo-Martin,Antigua & Barbuda,D,,
4786,Eldin Jakupovic,Switzerland,G,1.0,premier_league_data/season_1617/Eldin_Jakupovic_4786.png
13797,Daniel James,Wales,M,21.0,premier_league_data/season_1617/Daniel_James_13797.png
10480,Daryl Janmaat,Netherlands,D,53.0,premier_league_data/season_1617/Daryl_Janmaat_10480.png
15481,Vincent Janssen,Netherlands,F,18.0,premier_league_data/season_1617/Vincent_Janssen_15481.png
4541,Adnan Januzaj,Belgium,M,24.0,premier_league_data/season_1617/Adnan_Januzaj_4541.png
15041,Daniel Jarvis,England,M,10.0,
4766,Mile Jedinak,Australia,M,15.0,premier_league_data/season_1617/Mile_Jedinak_4766.png
4248,Carl Jenkinson,England,D,6.0,premier_league_data/season_1617/Carl_Jenkinson_4248.png
4506,Jiang Guangtai,China,D,,premier_league_data/season_1617/Jiang_Guangtai_4506.png
4317,João Teixeira,Portugal,M,10.0,premier_league_data/season_1617/João_Teixeira_4317.png
13556,Joel Pereira,Portugal,G,22.0,premier_league_data/season_1617/Joel_Pereira_13556.png
3102,John Obi Mikel,Nigeria,M,13.0,premier_league_data/season_1617/John_Obi_Mikel_3102.png
2148,Glen Johnson,England,D,8.0,premier_league_data/season_1617/Glen_Johnson_2148.png
4331,Sam Johnstone,England,G,31.0,premier_league_data/season_1617/Sam_Johnstone_4331.png
15007,Alfie Jones,England,D,5.0,premier_league_data/season_1617/Alfie_Jones_15007.png
4767,Jonny Williams,Wales,M,10.0,premier_league_data/season_1617/Jonny_Williams_4767.png
13192,Corey Jordan,England,D,,premier_league_data/season_1617/Corey_Jordan_13192.png
3981,Jordi Gómez,Spain,M,16.0,premier_league_data/season_1617/Jordi_Gómez_3981.png
3462,José Enrique,Spain,D,19.0,premier_league_data/season_1617/José_Enrique_3462.png
4606,José Fonte,Portugal,D,6.0,premier_league_data/season_1617/José_Fonte_4606.png
6425,Joselu,Spain,F,29.0,premier_league_data/season_1617/Joselu_6425.png
13792,Josh Robson,England,D,,premier_league_data/season_1617/Josh_Robson_13792.png
13718,Juanmi,Spain,F,24.0,premier_league_data/season_1617/Juanmi_13718.png
13824,José Manuel Jurado,Spain,M,18.0,premier_league_data/season_1617/José_Manuel_Jurado_13824.png
3392,Lukas Jutkiewicz,England,F,10.0,premier_league_data/season_1617/Lukas_Jutkiewicz_3392.png
19605,Christian Kabasele,Belgium,D,27.0,premier_league_data/season_1617/Christian_Kabasele_19605.png
3508,Younes Kaboul,France,D,4.0,premier_league_data/season_1617/Younes_Kaboul_3508.png
10191,Sullay Kaikai,Sierra Leone,F,11.0,premier_league_data/season_1617/Sullay_Kaikai_10191.png
4101,Tomás Kalas,Czech Republic,D,26.0,premier_league_data/season_1617/Tomás_Kalas_4101.png
14750,Herbie Kane,England,M,16.0,premier_league_data/season_1617/Herbie_Kane_14750.png
13492,N'Golo Kanté,France,M,7.0,premier_league_data/season_1617/NGolo_Kanté_13492.png
19679,Bartosz Kapustka,Poland,M,67.0,premier_league_data/season_1617/Bartosz_Kapustka_19679.png
19600,Loris Karius,Germany,G,18.0,premier_league_data/season_1617/Loris_Karius_19600.png
4333,Michael Keane,England,D,5.0,premier_league_data/season_1617/Michael_Keane_4333.png
14723,Caoimhín Kelleher,Ireland,G,62.0,premier_league_data/season_1617/Caoimhín_Kelleher_14723.png
3644,Martin Kelly,England,D,34.0,premier_league_data/season_1617/Martin_Kelly_3644.png
15194,Dan Kemp,England,M,10.0,premier_league_data/season_1617/Dan_Kemp_15194.png
13285,Kenedy,Brazil,M,24.0,premier_league_data/season_1617/Kenedy_13285.png
10449,Jonjoe Kenny,England,D,16.0,premier_league_data/season_1617/Jonjoe_Kenny_10449.png
13509,Ryan Kent,England,F,11.0,premier_league_data/season_1617/Ryan_Kent_13509.png
13793,Wahbi Khazri,Tunisia,F,10.0,premier_league_data/season_1617/Wahbi_Khazri_13793.png
4656,Ki Sung-Yeung,South Korea,M,10.0,premier_league_data/season_1617/Ki_Sung-Yeung_4656.png
2579,Michael Kightly,England,M,7.0,premier_league_data/season_1617/Michael_Kightly_2579.png
3926,Joshua King,Norway,F,13.0,premier_league_data/season_1617/Joshua_King_3926.png
10517,Stephen Kingsley,Scotland,D,3.0,premier_league_data/season_1617/Stephen_Kingsley_10517.png
5365,Jan Kirchhoff,Germany,D,4.0,premier_league_data/season_1617/Jan_Kirchhoff_5365.png
15608,Ragnar Klavan,Estonia,D,15.0,premier_league_data/season_1617/Ragnar_Klavan_15608.png
4141,Aleksandar Kolarov,Serbia,D,11.0,premier_league_data/season_1617/Aleksandar_Kolarov_4141.png
2002,Kolo Touré,Cote D’Ivoire,D,2.0,premier_league_data/season_1617/Kolo_Touré_2002.png
3653,Vincent Kompany,Belgium,D,4.0,premier_league_data/season_1617/Vincent_Kompany_3653.png
4701,Arouna Koné,,F,2.0,premier_league_data/season_1617/Arouna_Koné_4701.png
9113,Dimitrios Konstantopoulos,Greece,G,,premier_league_data/season_1617/Dimitrios_Konstantopoulos_9113.png
4030,Laurent Koscielny,France,D,6.0,premier_league_data/season_1617/Laurent_Koscielny_4030.png
5861,Cheikhou Kouyaté,Senegal,M,8.0,premier_league_data/season_1617/Cheikhou_Kouyaté_5861.png
6806,Dusan Kuciak,Slovakia,G,12.0,premier_league_data/season_1617/Dusan_Kuciak_6806.png
7466,Sven Kums,Belgium,M,24.0,
8935,Freddie Ladapo,England,F,19.0,premier_league_data/season_1617/Freddie_Ladapo_8935.png
8232,Daniel Lafferty,Northern Ireland,D,18.0,premier_league_data/season_1617/Daniel_Lafferty_8232.png
4618,Adam Lallana,England,M,10.0,premier_league_data/season_1617/Adam_Lallana_4618.png
4627,Rickie Lambert,England,F,19.0,premier_league_data/season_1617/Rickie_Lambert_4627.png
4842,Érik Lamela,Argentina,M,17.0,premier_league_data/season_1617/Érik_Lamela_4842.png
13872,Manuel Lanzini,Argentina,M,10.0,premier_league_data/season_1617/Manuel_Lanzini_13872.png
2613,Sebastian Larsson,Sweden,M,7.0,premier_league_data/season_1617/Sebastian_Larsson_2613.png
5561,Tom Lawrence,Wales,F,11.0,premier_league_data/season_1617/Tom_Lawrence_5561.png
2982,Grant Leadbitter,England,M,7.0,premier_league_data/season_1617/Grant_Leadbitter_2982.png
13391,Leandro Rodríguez,Uruguay,F,,premier_league_data/season_1617/Leandro_Rodríguez_13391.png
15069,Michael Ledger,England,D,29.0,premier_league_data/season_1617/Michael_Ledger_15069.png
6047,Joe Ledley,Wales,M,34.0,premier_league_data/season_1617/Joe_Ledley_6047.png
13194,Jordan Lee,England,D,47.0,
3830,Lee Chung-Yong,South Korea,M,72.0,premier_league_data/season_1617/Lee_Chung-Yong_3830.png
13866,Jonathan Leko,England,F,24.0,premier_league_data/season_1617/Jonathan_Leko_13866.png
10459,Brian Lenihan,Ireland,D,32.0,premier_league_data/season_1617/Brian_Lenihan_10459.png
2270,Aaron Lennon,England,M,17.0,premier_league_data/season_1617/Aaron_Lennon_2270.png
6387,Jeremain Lens,Netherlands,F,10.0,premier_league_data/season_1617/Jeremain_Lens_6387.png
2574,Joleon Lescott,England,D,,premier_league_data/season_1617/Joleon_Lescott_2574.png
16550,Filip Lesniak,Slovakia,M,23.0,
14982,Harry Lewis,England,G,1.0,premier_league_data/season_1617/Harry_Lewis_14982.png
4337,Jesse Lingard,England,M,11.0,premier_league_data/season_1617/Jesse_Lingard_4337.png
3244,Jake Livermore,England,M,8.0,premier_league_data/season_1617/Jake_Livermore_3244.png
5551,Fernando Llorente,Spain,F,12.0,premier_league_data/season_1617/Fernando_Llorente_5551.png
4664,Hugo Lloris,France,G,1.0,premier_league_data/season_1617/Hugo_Lloris_4664.png
5179,Ruben Loftus-Cheek,England,M,8.0,premier_league_data/season_1617/Ruben_Loftus-Cheek_5179.png
3837,Kevin Long,Ireland,D,26.0,premier_league_data/season_1617/Kevin_Long_3837.png
13278,Ademola Lookman,Nigeria,F,11.0,premier_league_data/season_1617/Ademola_Lookman_13278.png
20742,Pau López,Spain,G,25.0,
13558,Donald Love,Scotland,D,2.0,premier_league_data/season_1617/Donald_Love_13558.png
4813,Dejan Lovren,Croatia,D,6.0,premier_league_data/season_1617/Dejan_Lovren_4813.png
4487,Matthew Lowton,England,D,38.0,premier_league_data/season_1617/Matthew_Lowton_4487.png
3137,Lucas Leiva,Brazil,M,6.0,premier_league_data/season_1617/Lucas_Leiva_3137.png
10867,Greg Luer,England,F,7.0,premier_league_data/season_1617/Greg_Luer_10867.png
4799,Luis Alberto,Spain,M,10.0,
4290,Romelu Lukaku,Belgium,F,90.0,premier_league_data/season_1617/Romelu_Lukaku_4290.png
7198,Yann M'Vila,France,M,22.0,premier_league_data/season_1617/Yann_MVila_7198.png
4470,Shaun MacDonald,Wales,M,4.0,premier_league_data/season_1617/Shaun_MacDonald_4470.png
10422,Matt Macey,England,G,1.0,premier_league_data/season_1617/Matt_Macey_10422.png
8460,Jonny Maddison,England,G,30.0,premier_league_data/season_1617/Jonny_Maddison_8460.png
13987,Pablo Maffeo,Argentina,D,23.0,premier_league_data/season_1617/Pablo_Maffeo_13987.png
9566,Harry Maguire,England,D,5.0,premier_league_data/season_1617/Harry_Maguire_9566.png
8983,Riyad Mahrez,Algeria,F,26.0,premier_league_data/season_1617/Riyad_Mahrez_8983.png
10428,Ainsley Maitland-Niles,England,M,98.0,premier_league_data/season_1617/Ainsley_Maitland-Niles_10428.png
20048,Josh Maja,Nigeria,F,,premier_league_data/season_1617/Josh_Maja_20048.png
15418,Moses Makasi,England,M,10.0,premier_league_data/season_1617/Moses_Makasi_15418.png
3066,Shaun Maloney,Scotland,M,15.0,premier_league_data/season_1617/Shaun_Maloney_3066.png
5566,Steve Mandanda,France,G,30.0,premier_league_data/season_1617/Steve_Mandanda_5566.png
4648,Mikael Mandron,France,F,21.0,premier_league_data/season_1617/Mikael_Mandron_4648.png
6519,Sadio Mané,Senegal,F,10.0,premier_league_data/season_1617/Sadio_Mané_6519.png
5334,Eliaquim Mangala,France,D,4.0,premier_league_data/season_1617/Eliaquim_Mangala_5334.png
1296,Alexander Manninger,Austria,G,13.0,premier_league_data/season_1617/Alexander_Manninger_1296.png
13103,Will Mannion,England,G,25.0,premier_league_data/season_1617/Will_Mannion_13103.png
2834,Vito Mannone,Italy,G,1.0,premier_league_data/season_1617/Vito_Mannone_2834.png
4918,Javier Manquillo,Spain,D,22.0,premier_league_data/season_1617/Javier_Manquillo_4918.png
13552,Manu García,Spain,M,14.0,premier_league_data/season_1617/Manu_García_13552.png
3251,Adrian Mariappa,Jamaica,D,19.0,premier_league_data/season_1617/Adrian_Mariappa_3251.png
5078,Lazar Markovic,Serbia,M,50.0,premier_league_data/season_1617/Lazar_Markovic_5078.png
2359,Dean Marney,England,M,25.0,premier_league_data/season_1617/Dean_Marney_2359.png
4726,David Marshall,Scotland,G,25.0,premier_league_data/season_1617/David_Marshall_4726.png
11272,Anthony Martial,France,F,22.0,premier_league_data/season_1617/Anthony_Martial_11272.png
13716,Cuco Martina,Curacao,D,15.0,premier_league_data/season_1617/Cuco_Martina_13716.png
4245,Emiliano Martínez,Argentina,G,23.0,premier_league_data/season_1617/Emiliano_Martínez_4245.png
11177,Bruno Martins Indi,Netherlands,D,4.0,premier_league_data/season_1617/Bruno_Martins_Indi_11177.png
3725,Ryan Mason,England,M,6.0,premier_league_data/season_1617/Ryan_Mason_3725.png
13932,Ntumba Massanka,England,M,18.0,
13508,Conor Masterson,Ireland,D,4.0,
11284,Arthur Masuaku,DR Congo,D,26.0,premier_league_data/season_1617/Arthur_Masuaku_11284.png
4287,Juan Mata,Spain,M,64.0,premier_league_data/season_1617/Juan_Mata_4287.png
3861,Nemanja Matic,Serbia,M,31.0,premier_league_data/season_1617/Nemanja_Matic_3861.png
5375,Joël Matip,Cameroon,D,32.0,premier_league_data/season_1617/Joël_Matip_5375.png
5137,Adam Matthews,Wales,D,3.0,premier_league_data/season_1617/Adam_Matthews_5137.png
3669,Matty James,England,M,37.0,premier_league_data/season_1617/Matty_James_3669.png
14458,Stephy Mavididi,England,F,10.0,premier_league_data/season_1617/Stephy_Mavididi_14458.png
4831,Charalampos Mavrias,Greece,M,7.0,
32638,Konstantinos Mavropanos,Greece,D,15.0,premier_league_data/season_1617/Konstantinos_Mavropanos_32638.png
9960,Alfie Mawson,England,D,20.0,premier_league_data/season_1617/Alfie_Mawson_9960.png
6393,Dieumerci Mbokani,DR Congo,F,70.0,premier_league_data/season_1617/Dieumerci_Mbokani_6393.png
3880,Conor McAleny,England,F,18.0,premier_league_data/season_1617/Conor_McAleny_3880.png
4224,James McArthur,Scotland,M,,premier_league_data/season_1617/James_McArthur_4224.png
4437,Gareth McAuley,Northern Ireland,D,36.0,premier_league_data/season_1617/Gareth_McAuley_4437.png
8107,Oliver McBurnie,Scotland,F,16.0,premier_league_data/season_1617/Oliver_McBurnie_8107.png
4573,Alex McCarthy,England,G,13.0,premier_league_data/season_1617/Alex_McCarthy_4573.png
4395,James McClean,Ireland,M,7.0,premier_league_data/season_1617/James_McClean_4395.png
8636,Aiden McGeady,Ireland,M,14.0,premier_league_data/season_1617/Aiden_McGeady_8636.png
10521,Luke McGee,England,G,1.0,premier_league_data/season_1617/Luke_McGee_10521.png
4785,Allan McGregor,Scotland,G,1.0,premier_league_data/season_1617/Allan_McGregor_4785.png
3779,Callum McManaman,England,M,20.0,premier_league_data/season_1617/Callum_McManaman_3779.png
10473,Paddy McNair,Northern Ireland,D,21.0,premier_league_data/season_1617/Paddy_McNair_10473.png
9649,Sam McQueen,England,M,,premier_league_data/season_1617/Sam_McQueen_9649.png
14824,Scott McTominay,Scotland,M,39.0,premier_league_data/season_1617/Scott_McTominay_14824.png
3909,Ben Mee,England,D,16.0,premier_league_data/season_1617/Ben_Mee_3909.png
6084,Tomás Mejías,Spain,G,1.0,premier_league_data/season_1617/Tomás_Mejías_6084.png
19617,Nampalys Mendy,Senegal,M,26.0,premier_league_data/season_1617/Nampalys_Mendy_19617.png
4246,Per Mertesacker,Germany,D,4.0,premier_league_data/season_1617/Per_Mertesacker_4246.png
3714,David Meyler,Ireland,M,8.0,premier_league_data/season_1617/David_Meyler_3714.png
13280,Matt Miazga,United States,D,21.0,premier_league_data/season_1617/Matt_Miazga_13280.png
4179,Simon Mignolet,Belgium,G,22.0,premier_league_data/season_1617/Simon_Mignolet_4179.png
6045,Mika,Portugal,G,12.0,premier_league_data/season_1617/Mika_6045.png
5859,Luka Milivojevic,Serbia,M,4.0,premier_league_data/season_1617/Luka_Milivojevic_5859.png
2100,James Milner,England,M,6.0,premier_league_data/season_1617/James_Milner_2100.png
8900,Tyrone Mings,England,D,5.0,premier_league_data/season_1617/Tyrone_Mings_8900.png
4507,Kevin Mirallas,Belgium,F,11.0,premier_league_data/season_1617/Kevin_Mirallas_4507.png
14822,Demetri Mitchell,England,M,7.0,premier_league_data/season_1617/Demetri_Mitchell_14822.png
5102,Henrikh Mkhitaryan,Armenia,M,22.0,premier_league_data/season_1617/Henrikh_Mkhitaryan_5102.png
13778,Moha,Spain,M,22.0,premier_league_data/season_1617/Moha_13778.png
5239,Mohamed Elneny,Egypt,M,15.0,premier_league_data/season_1617/Mohamed_Elneny_5239.png
10518,Jefferson Montero,Ecuador,M,10.0,premier_league_data/season_1617/Jefferson_Montero_10518.png
8968,Liam Moore,Jamaica,D,26.0,premier_league_data/season_1617/Liam_Moore_8968.png
19619,Aaron Mooy,Australia,M,13.0,premier_league_data/season_1617/Aaron_Mooy_19619.png
22543,Marlos Moreno,Colombia,F,10.0,
8966,Wes Morgan,Jamaica,D,5.0,premier_league_data/season_1617/Wes_Morgan_8966.png
2529,James Morrison,Scotland,M,,premier_league_data/season_1617/James_Morrison_2529.png
3983,Victor Moses,Nigeria,M,7.0,premier_league_data/season_1617/Victor_Moses_3983.png
19603,Lys Mousset,France,F,7.0,premier_league_data/season_1617/Lys_Mousset_19603.png
4822,Muniesa,Spain,D,4.0,premier_league_data/season_1617/Muniesa_4822.png
4772,Glenn Murray,England,F,25.0,premier_league_data/season_1617/Glenn_Murray_4772.png
5208,Ahmed Musa,Nigeria,F,7.0,premier_league_data/season_1617/Ahmed_Musa_5208.png
11147,Charly Musonda,Belgium,M,21.0,premier_league_data/season_1617/Charly_Musonda_11147.png
3869,Shkodran Mustafi,Germany,D,5.0,premier_league_data/season_1617/Shkodran_Mustafi_3869.png
3333,Jordon Mutch,England,M,4.0,premier_league_data/season_1617/Jordon_Mutch_3333.png
2011,Boaz Myhill,Wales,G,1.0,premier_league_data/season_1617/Boaz_Myhill_2011.png
4645,Alfred N'Diaye,Senegal,M,21.0,premier_league_data/season_1617/Alfred_NDiaye_4645.png
6903,Clinton N'Jie,Cameroon,F,10.0,premier_league_data/season_1617/Clinton_NJie_6903.png
4472,Nacho Monreal,Spain,D,20.0,premier_league_data/season_1617/Nacho_Monreal_4472.png
7122,Luciano Narsingh,Netherlands,F,7.0,premier_league_data/season_1617/Luciano_Narsingh_7122.png
3546,Samir Nasri,France,M,18.0,premier_league_data/season_1617/Samir_Nasri_3546.png
13282,Nathan,Brazil,F,11.0,
3956,Kyle Naughton,England,D,26.0,premier_league_data/season_1617/Kyle_Naughton_3956.png
4803,Jesús Navas,Spain,D,16.0,premier_league_data/season_1617/Jesús_Navas_4803.png
20479,Wilfred Ndidi,Nigeria,M,6.0,premier_league_data/season_1617/Wilfred_Ndidi_20479.png
20708,Didier Ndong,Gabon,M,12.0,premier_league_data/season_1617/Didier_Ndong_20708.png
4805,Álvaro Negredo,Spain,F,21.0,premier_league_data/season_1617/Álvaro_Negredo_4805.png
15052,Julien Ngoy,Belgium,F,9.0,premier_league_data/season_1617/Julien_Ngoy_15052.png
5650,M'Baye Niang,Senegal,F,11.0,premier_league_data/season_1617/MBaye_Niang_5650.png
13390,Oumar Niasse,Senegal,F,18.0,premier_league_data/season_1617/Oumar_Niasse_13390.png
13245,Danijel Nizic,Australia,G,30.0,
15938,Georges-Kévin Nkoudou,Cameroon,M,7.0,premier_league_data/season_1617/Georges-Kévin_Nkoudou_15938.png
3014,Mark Noble,England,M,16.0,premier_league_data/season_1617/Mark_Noble_3014.png
19604,Nolito,Spain,F,9.0,premier_league_data/season_1617/Nolito_19604.png
15369,Noor Husin,Afghanistan,M,8.0,
13795,Kristoffer Nordfeldt,Sweden,G,1.0,premier_league_data/season_1617/Kristoffer_Nordfeldt_13795.png
3316,Håvard Nordtveit,Norway,D,16.0,premier_league_data/season_1617/Håvard_Nordtveit_3316.png
3478,David Nugent,England,F,28.0,premier_league_data/season_1617/David_Nugent_3478.png
13821,Allan Nyom,Cameroon,D,12.0,premier_league_data/season_1617/Allan_Nyom_13821.png
16538,Billy O'Brien,England,G,64.0,
20870,Keelan O'Connell,England,M,7.0,
13584,Kieran O'Hara,Ireland,G,13.0,
8054,Eunan O'Kane,Ireland,M,32.0,premier_league_data/season_1617/Eunan_OKane_8054.png
20095,Aiden O'Neill,Australia,M,24.0,premier_league_data/season_1617/Aiden_ONeill_20095.png
1717,John O'Shea,Ireland,D,4.0,premier_league_data/season_1617/John_OShea_1717.png
4204,Peter Odemwingie,Nigeria,F,13.0,premier_league_data/season_1617/Peter_Odemwingie_4204.png
8994,Moses Odubajo,England,D,22.0,premier_league_data/season_1617/Moses_Odubajo_8994.png
5514,Angelo Ogbonna,Italy,D,21.0,premier_league_data/season_1617/Angelo_Ogbonna_5514.png
10543,Sheyi Ojo,England,F,54.0,premier_league_data/season_1617/Sheyi_Ojo_10543.png
3889,Stefano Okaka,Italy,F,77.0,premier_league_data/season_1617/Stefano_Okaka_3889.png
13494,Shinji Okazaki,Japan,F,30.0,premier_league_data/season_1617/Shinji_Okazaki_13494.png
14194,Greg Olley,England,M,22.0,premier_league_data/season_1617/Greg_Olley_14194.png
13717,Olufela Olomola,England,F,29.0,premier_league_data/season_1617/Olufela_Olomola_13717.png
2867,Martin Olsson,Sweden,D,13.0,premier_league_data/season_1617/Martin_Olsson_2867.png
13493,Andre Olukanmi,England,M,,
7490,Josh Onomah,England,M,17.0,premier_league_data/season_1617/Josh_Onomah_7490.png
10465,Divock Origi,Belgium,F,27.0,premier_league_data/season_1617/Divock_Origi_10465.png
4501,Oscar,Brazil,M,8.0,premier_league_data/season_1617/Oscar_4501.png
1887,Leon Osman,England,M,21.0,premier_league_data/season_1617/Leon_Osman_1887.png
10420,David Ospina,Colombia,G,,premier_league_data/season_1617/David_Ospina_10420.png
6058,Nicolás Otamendi,Argentina,D,30.0,premier_league_data/season_1617/Nicolás_Otamendi_6058.png
12215,Obbi Oularé,Belgium,F,28.0,premier_league_data/season_1617/Obbi_Oularé_12215.png
4504,Bryan Oviedo,Costa Rica,D,3.0,premier_league_data/season_1617/Bryan_Oviedo_4504.png
10535,Reece Oxford,England,D,4.0,premier_league_data/season_1617/Reece_Oxford_10535.png
4252,Alex Oxlade-Chamberlain,England,M,15.0,premier_league_data/season_1617/Alex_Oxlade-Chamberlain_4252.png
4714,Mesut Özil,Germany,M,10.0,premier_league_data/season_1617/Mesut_Özil_4714.png
2293,Paddy McCarthy,Ireland,M,4.0,
13283,Kasey Palmer,Jamaica,M,45.0,premier_league_data/season_1617/Kasey_Palmer_13283.png
13798,Alberto Paloschi,Italy,F,9.0,
4319,Costel Pantilimon,Romania,G,1.0,premier_league_data/season_1617/Costel_Pantilimon_4319.png
10953,Juan Carlos Paredes,Ecuador,D,44.0,premier_league_data/season_1617/Juan_Carlos_Paredes_10953.png
13876,Djair Parfitt-Williams,Bermuda,F,40.0,premier_league_data/season_1617/Djair_Parfitt-Williams_13876.png
13962,Josh Pask,England,D,2.0,premier_league_data/season_1617/Josh_Pask_13962.png
5586,Dimitri Payet,France,M,10.0,premier_league_data/season_1617/Dimitri_Payet_5586.png
4972,Pedro,Spain,F,9.0,premier_league_data/season_1617/Pedro_4972.png
13871,Pedro Obiang,Equatorial Guinea,M,14.0,premier_league_data/season_1617/Pedro_Obiang_13871.png
10502,Graziano Pellè,Italy,F,9.0,premier_league_data/season_1617/Graziano_Pellè_10502.png
13825,Adalberto Peñaranda,Venezuela,F,7.0,premier_league_data/season_1617/Adalberto_Peñaranda_13825.png
9895,Matthew Pennington,England,D,5.0,premier_league_data/season_1617/Matthew_Pennington_9895.png
21903,Dion Pereira,Antigua & Barbuda,M,7.0,
11213,Roberto Pereyra,Argentina,M,37.0,premier_league_data/season_1617/Roberto_Pereyra_11213.png
7081,Lucas Pérez,Spain,F,27.0,premier_league_data/season_1617/Lucas_Pérez_7081.png
14144,Kleton Perntreou,Greece,G,,
4525,Philippe Coutinho,Brazil,M,23.0,premier_league_data/season_1617/Philippe_Coutinho_4525.png
14161,Michael Phillips,England,D,44.0,
4640,Jordan Pickford,England,G,1.0,premier_league_data/season_1617/Jordan_Pickford_4640.png
12463,Jérémy Pied,France,D,26.0,premier_league_data/season_1617/Jérémy_Pied_12463.png
3388,Steven Pienaar,South Africa,M,20.0,premier_league_data/season_1617/Steven_Pienaar_3388.png
4821,Erik Pieters,Netherlands,D,33.0,premier_league_data/season_1617/Erik_Pieters_4821.png
15190,Alex Pike,England,D,,
10527,Sébastien Pocognoli,Belgium,D,12.0,premier_league_data/season_1617/Sébastien_Pocognoli_10527.png
3920,Paul Pogba,France,M,10.0,premier_league_data/season_1617/Paul_Pogba_3920.png
10814,Regan Poole,Wales,D,5.0,
10079,Nick Pope,England,G,22.0,premier_league_data/season_1617/Nick_Pope_10079.png
4540,Nick Powell,England,M,11.0,premier_league_data/season_1617/Nick_Powell_4540.png
4433,Alex Pritchard,England,M,29.0,premier_league_data/season_1617/Alex_Pritchard_4433.png
13822,Sebastian Prödl,Austria,D,4.0,premier_league_data/season_1617/Sebastian_Prödl_13822.png
8049,Marc Pugh,England,M,27.0,premier_league_data/season_1617/Marc_Pugh_8049.png
4084,Jason Puncheon,England,M,42.0,premier_league_data/season_1617/Jason_Puncheon_4084.png
19673,Ramadan Sobhi,Egypt,M,14.0,premier_league_data/season_1617/Ramadan_Sobhi_19673.png
4616,Gastón Ramírez,Uruguay,M,21.0,premier_league_data/season_1617/Gastón_Ramírez_4616.png
13703,Aaron Ramsdale,England,G,30.0,premier_league_data/season_1617/Aaron_Ramsdale_13703.png
3548,Aaron Ramsey,Wales,M,10.0,premier_league_data/season_1617/Aaron_Ramsey_3548.png
11013,Connor Randall,England,D,12.0,premier_league_data/season_1617/Connor_Randall_11013.png
2216,Darren Randolph,Ireland,G,12.0,premier_league_data/season_1617/Darren_Randolph_2216.png
4405,Angel Rangel,Spain,D,22.0,premier_league_data/season_1617/Angel_Rangel_4405.png
8058,Tokelo Rantie,South Africa,F,9.0,premier_league_data/season_1617/Tokelo_Rantie_8058.png
13565,Marcus Rashford,England,F,9.0,premier_league_data/season_1617/Marcus_Rashford_13565.png
8098,Adam Reach,England,M,41.0,premier_league_data/season_1617/Adam_Reach_8098.png
3811,Nathan Redmond,England,M,15.0,premier_league_data/season_1617/Nathan_Redmond_3811.png
4818,Harrison Reed,England,M,6.0,premier_league_data/season_1617/Harrison_Reed_4818.png
4209,Winston Reid,New Zealand,D,23.0,premier_league_data/season_1617/Winston_Reid_4209.png
13123,Jeff Reine-Adélaïde,France,M,77.0,premier_league_data/season_1617/Jeff_Reine-Adélaïde_13123.png
4572,Loïc Rémy,France,F,59.0,premier_league_data/season_1617/Loïc_Rémy_4572.png
7990,Jordan Rhodes,Scotland,F,29.0,premier_league_data/season_1617/Jordan_Rhodes_7990.png
15202,Declan Rice,England,M,41.0,premier_league_data/season_1617/Declan_Rice_15202.png
13564,Joe Riley,England,M,7.0,premier_league_data/season_1617/Joe_Riley_13564.png
10148,Connor Ripley,England,G,13.0,
3934,Matt Ritchie,Scotland,M,30.0,premier_league_data/season_1617/Matt_Ritchie_3934.png
13511,Roberto Firmino,Brazil,F,9.0,premier_league_data/season_1617/Roberto_Firmino_13511.png
8710,Patrick Roberts,England,M,10.0,premier_league_data/season_1617/Patrick_Roberts_8710.png
10458,Andy Robertson,Scotland,D,26.0,premier_league_data/season_1617/Andy_Robertson_10458.png
1404,Paul Robinson,England,G,17.0,premier_league_data/season_1617/Paul_Robinson_1404.png
4696,Joel Robles,Spain,G,22.0,premier_league_data/season_1617/Joel_Robles_4696.png
10510,Thomas Robson,England,D,,premier_league_data/season_1617/Thomas_Robson_10510.png
3484,Hal Robson-Kanu,Wales,F,4.0,premier_league_data/season_1617/Hal_Robson-Kanu_3484.png
14190,Harvey Rodgers,England,D,5.0,premier_league_data/season_1617/Harvey_Rodgers_14190.png
13796,Joe Rodon,Wales,D,6.0,premier_league_data/season_1617/Joe_Rodon_13796.png
3851,Jay Rodriguez,England,F,16.0,premier_league_data/season_1617/Jay_Rodriguez_3851.png
3389,Jack Rodwell,England,M,,premier_league_data/season_1617/Jack_Rodwell_3389.png
10472,Marcos Rojo,Argentina,D,6.0,premier_league_data/season_1617/Marcos_Rojo_10472.png
13555,Sergio Romero,Argentina,G,1.0,premier_league_data/season_1617/Sergio_Romero_13555.png
4286,Oriol Romeu,Spain,M,14.0,premier_league_data/season_1617/Oriol_Romeu_4286.png
6030,Salomón Rondón,Venezuela,F,23.0,premier_league_data/season_1617/Salomón_Rondón_6030.png
2064,Wayne Rooney,England,F,32.0,premier_league_data/season_1617/Wayne_Rooney_2064.png
3507,Danny Rose,England,D,3.0,premier_league_data/season_1617/Danny_Rose_3507.png
3052,Tomas Rosicky,Czech Republic,M,10.0,premier_league_data/season_1617/Tomas_Rosicky_3052.png
9031,Jordan Rossiter,England,M,,premier_league_data/season_1617/Jordan_Rossiter_9031.png
10580,Joe Rothwell,England,M,8.0,premier_league_data/season_1617/Joe_Rothwell_10580.png
2681,Wayne Routledge,England,M,15.0,premier_league_data/season_1617/Wayne_Routledge_2681.png
14285,Charlie Rowan,England,D,,premier_league_data/season_1617/Charlie_Rowan_14285.png
20857,Gerónimo Rulli,Argentina,G,1.0,
3311,Bacary Sagna,France,D,33.0,premier_league_data/season_1617/Bacary_Sagna_3311.png
4796,Mamadou Sakho,France,D,75.0,premier_league_data/season_1617/Mamadou_Sakho_4796.png
10004,Bakary Sako,Mali,M,,premier_league_data/season_1617/Bakary_Sako_10004.png
13648,Martin Samuelsen,Norway,M,14.0,premier_league_data/season_1617/Martin_Samuelsen_13648.png
4973,Alexis Sánchez,Chile,F,70.0,premier_league_data/season_1617/Alexis_Sánchez_4973.png
5384,Leroy Sané,Germany,F,10.0,premier_league_data/season_1617/Leroy_Sané_5384.png
4718,Yaya Sanogo,France,F,55.0,premier_league_data/season_1617/Yaya_Sanogo_4718.png
8980,Jeffrey Schlupp,Ghana,M,15.0,premier_league_data/season_1617/Jeffrey_Schlupp_8980.png
2508,Kasper Schmeichel,Denmark,G,1.0,premier_league_data/season_1617/Kasper_Schmeichel_2508.png
4615,Morgan Schneiderlin,France,M,6.0,premier_league_data/season_1617/Morgan_Schneiderlin_4615.png
1218,Mark Schwarzer,Australia,G,32.0,premier_league_data/season_1617/Mark_Schwarzer_1218.png
5271,Bastian Schweinsteiger,Germany,M,31.0,premier_league_data/season_1617/Bastian_Schweinsteiger_5271.png
4185,Stéphane Sessègnon,Benin,M,29.0,premier_league_data/season_1617/Stéphane_Sessègnon_4185.png
5267,Xherdan Shaqiri,Switzerland,M,29.0,premier_league_data/season_1617/Xherdan_Shaqiri_5267.png
15142,Samuel Shashoua,England,M,20.0,
4608,Luke Shaw,England,D,23.0,premier_league_data/season_1617/Luke_Shaw_4608.png
3158,Ryan Shawcross,England,D,,premier_league_data/season_1617/Ryan_Shawcross_3158.png
13121,Ben Sheaf,England,M,14.0,
10507,Oliver Shenton,England,M,,premier_league_data/season_1617/Oliver_Shenton_10507.png
2007,Steve Sidwell,England,M,14.0,premier_league_data/season_1617/Steve_Sidwell_2007.png
4421,Gylfi Sigurdsson,Iceland,M,32.0,premier_league_data/season_1617/Gylfi_Sigurdsson_4421.png
4145,David Silva,Spain,M,21.0,premier_league_data/season_1617/David_Silva_4145.png
13193,Jack Simpson,England,D,4.0,premier_league_data/season_1617/Jack_Simpson_13193.png
15374,Josh Sims,England,M,20.0,premier_league_data/season_1617/Josh_Sims_15374.png
4529,Jerome Sinclair,England,F,,premier_league_data/season_1617/Jerome_Sinclair_4529.png
4549,Moussa Sissoko,France,M,17.0,premier_league_data/season_1617/Moussa_Sissoko_4549.png
3404,Martin Skrtel,Slovakia,D,37.0,premier_league_data/season_1617/Martin_Skrtel_3404.png
11364,Islam Slimani,Algeria,F,19.0,premier_league_data/season_1617/Islam_Slimani_11364.png
3613,Chris Smalling,England,D,6.0,premier_league_data/season_1617/Chris_Smalling_3613.png
3512,Adam Smith,England,D,15.0,premier_league_data/season_1617/Adam_Smith_3512.png
4558,Robert Snodgrass,Scotland,M,77.0,premier_league_data/season_1617/Robert_Snodgrass_4558.png
16608,Rubén Sobrino,Spain,F,7.0,
10443,Dominic Solanke,England,F,19.0,premier_league_data/season_1617/Dominic_Solanke_10443.png
4999,Son Heung-Min,South Korea,F,7.0,premier_league_data/season_1617/Son_Heung-Min_4999.png
2837,Alexandre Song,Cameroon,M,17.0,premier_league_data/season_1617/Alexandre_Song_2837.png
10444,Pape Souaré,Senegal,D,,premier_league_data/season_1617/Pape_Souaré_10444.png
2664,Julian Speroni,Argentina,G,,premier_league_data/season_1617/Julian_Speroni_2664.png
4679,Raphael Spiegel,Switzerland,G,24.0,premier_league_data/season_1617/Raphael_Spiegel_4679.png
10447,Jindrich Stanek,Czech Republic,G,36.0,premier_league_data/season_1617/Jindrich_Stanek_10447.png
3766,Junior Stanislas,England,M,19.0,premier_league_data/season_1617/Junior_Stanislas_3766.png
4779,Maarten Stekelenburg,Netherlands,G,1.0,premier_league_data/season_1617/Maarten_Stekelenburg_4779.png
4612,Jack Stephens,England,D,,premier_league_data/season_1617/Jack_Stephens_4612.png
4316,Raheem Sterling,England,F,30.0,premier_league_data/season_1617/Raheem_Sterling_4316.png
4426,Kevin Stewart,Jamaica,M,,premier_league_data/season_1617/Kevin_Stewart_4426.png
8059,Jayden Stockley,England,F,9.0,
4505,John Stones,England,D,5.0,premier_league_data/season_1617/John_Stones_4505.png
10508,Max Stryjek,Poland,G,1.0,premier_league_data/season_1617/Max_Stryjek_10508.png
13573,Cristhian Stuani,Uruguay,F,7.0,premier_league_data/season_1617/Cristhian_Stuani_13573.png
1295,Stuart Taylor,England,G,28.0,premier_league_data/season_1617/Stuart_Taylor_1295.png
3154,Daniel Sturridge,England,F,19.0,premier_league_data/season_1617/Daniel_Sturridge_3154.png
4925,Mario Suárez,Spain,D,4.0,premier_league_data/season_1617/Mario_Suárez_4925.png
19618,Isaac Success,Nigeria,F,90.0,premier_league_data/season_1617/Isaac_Success_19618.png
2338,Andrew Surman,England,M,16.0,premier_league_data/season_1617/Andrew_Surman_2338.png
13195,Sam Surridge,England,F,16.0,premier_league_data/season_1617/Sam_Surridge_13195.png
3543,Wojciech Szczesny,Poland,G,25.0,premier_league_data/season_1617/Wojciech_Szczesny_3543.png
12802,Franck Tabanou,France,D,14.0,premier_league_data/season_1617/Franck_Tabanou_12802.png
10498,Dusan Tadic,Serbia,F,10.0,premier_league_data/season_1617/Dusan_Tadic_10498.png
15322,Shani Tarashaj,Switzerland,F,,premier_league_data/season_1617/Shani_Tarashaj_15322.png
4815,Matt Targett,England,D,,premier_league_data/season_1617/Matt_Targett_4815.png
8143,James Tarkowski,England,D,6.0,premier_league_data/season_1617/James_Tarkowski_8143.png
2542,Matthew Taylor,England,M,31.0,premier_league_data/season_1617/Matthew_Taylor_2542.png
10583,Dominic Telford,England,F,,premier_league_data/season_1617/Dominic_Telford_10583.png
1353,John Terry,England,D,26.0,premier_league_data/season_1617/John_Terry_1353.png
4798,Tiago Ilori,Portugal,D,14.0,
10509,Tom Beadling,Australia,M,16.0,premier_league_data/season_1617/Tom_Beadling_10509.png
3517,James Tomkins,England,D,5.0,premier_league_data/season_1617/James_Tomkins_3517.png
9134,Lee Tomlin,England,F,23.0,premier_league_data/season_1617/Lee_Tomlin_9134.png
13281,Fikayo Tomori,England,D,23.0,premier_league_data/season_1617/Fikayo_Tomori_13281.png
14744,Toni Gomes,Portugal,F,25.0,
3597,Gökhan Töre,Turkiye,F,30.0,premier_league_data/season_1617/Gökhan_Töre_3597.png
4148,Yaya Touré,Cote D’Ivoire,M,42.0,premier_league_data/season_1617/Yaya_Touré_4148.png
3724,Andros Townsend,England,M,30.0,premier_league_data/season_1617/Andros_Townsend_3724.png
10394,Bertrand Traoré,Burkina Faso,F,20.0,premier_league_data/season_1617/Bertrand_Traoré_10394.png
4401,Gerhard Tremmel,Germany,G,25.0,premier_league_data/season_1617/Gerhard_Tremmel_4401.png
3905,Kieran Trippier,England,D,,premier_league_data/season_1617/Kieran_Trippier_3905.png
13559,Axel Tuanzebe,DR Congo,D,40.0,premier_league_data/season_1617/Axel_Tuanzebe_13559.png
13477,Josh Tymon,England,D,14.0,premier_league_data/season_1617/Josh_Tymon_13477.png
8174,Leonardo Ulloa,Argentina,F,9.0,premier_league_data/season_1617/Leonardo_Ulloa_8174.png
10435,Fredrik Ulvestad,Norway,M,23.0,premier_league_data/season_1617/Fredrik_Ulvestad_10435.png
4951,Víctor Valdés,Spain,G,26.0,premier_league_data/season_1617/Víctor_Valdés_4951.png
10541,Enner Valencia,Ecuador,F,13.0,premier_league_data/season_1617/Enner_Valencia_10541.png
15011,Yan Valery,Tunisia,D,27.0,premier_league_data/season_1617/Yan_Valery_15011.png
3362,Patrick van Aanholt,Netherlands,D,30.0,premier_league_data/season_1617/Patrick_van_Aanholt_3362.png
4877,Mike van der Hoorn,Netherlands,D,6.0,premier_league_data/season_1617/Mike_van_der_Hoorn_4877.png
5140,Virgil van Dijk,Netherlands,D,4.0,premier_league_data/season_1617/Virgil_van_Dijk_5140.png
8979,Jamie Vardy,England,F,9.0,premier_league_data/season_1617/Jamie_Vardy_8979.png
4809,Guillermo Varela,Uruguay,D,2.0,premier_league_data/season_1617/Guillermo_Varela_4809.png
9793,Santiago Vergini,Argentina,D,27.0,
15044,Thibaud Verlinden,Belgium,F,7.0,premier_league_data/season_1617/Thibaud_Verlinden_15044.png
4666,Jan Vertonghen,Belgium,D,14.0,premier_league_data/season_1617/Jan_Vertonghen_4666.png
11590,Josh Vickers,England,G,31.0,premier_league_data/season_1617/Josh_Vickers_11590.png
4007,Sam Vokes,Wales,F,9.0,premier_league_data/season_1617/Sam_Vokes_4007.png
4398,Michel Vorm,Netherlands,G,13.0,premier_league_data/season_1617/Michel_Vorm_4398.png
4851,Matej Vydra,Czech Republic,F,11.0,premier_league_data/season_1617/Matej_Vydra_4851.png
21730,Molla Wagué,Mali,D,25.0,premier_league_data/season_1617/Molla_Wagué_21730.png
9970,Josh Wakefield,England,M,25.0,
2839,Theo Walcott,England,F,32.0,premier_league_data/season_1617/Theo_Walcott_2839.png
3955,Kyle Walker,England,D,32.0,premier_league_data/season_1617/Kyle_Walker_3955.png
13815,Kyle Walker-Peters,England,D,2.0,premier_league_data/season_1617/Kyle_Walker-Peters_13815.png
15119,Anton Walkes,England,D,5.0,
2047,Jonathan Walters,Ireland,F,39.0,premier_league_data/season_1617/Jonathan_Walters_2047.png
14164,Aaron Wan-Bissaka,England,D,29.0,premier_league_data/season_1617/Aaron_Wan-Bissaka_14164.png
4816,Victor Wanyama,Kenya,M,2.0,premier_league_data/season_1617/Victor_Wanyama_4816.png
3999,Stephen Ward,Ireland,D,3.0,premier_league_data/season_1617/Stephen_Ward_3999.png
4617,James Ward-Prowse,England,M,18.0,premier_league_data/season_1617/James_Ward-Prowse_4617.png
14813,Tyrell Warren,England,D,21.0,
8970,Marcin Wasilewski,Poland,D,27.0,premier_league_data/season_1617/Marcin_Wasilewski_8970.png
10336,Duncan Watmore,England,F,19.0,premier_league_data/season_1617/Duncan_Watmore_10336.png
10457,Rory Watson,England,G,16.0,
13563,James Weir,England,M,7.0,premier_league_data/season_1617/James_Weir_13563.png
3452,Danny Welbeck,England,F,18.0,premier_league_data/season_1617/Danny_Welbeck_3452.png
4489,Ashley Westwood,England,M,8.0,premier_league_data/season_1617/Ashley_Westwood_4489.png
2299,Glenn Whelan,Ireland,M,25.0,premier_league_data/season_1617/Glenn_Whelan_2299.png
15111,Alfie Whiteman,England,G,41.0,premier_league_data/season_1617/Alfie_Whiteman_15111.png
4396,Connor Wickham,England,F,13.0,premier_league_data/season_1617/Connor_Wickham_4396.png
2678,Rhoys Wiggins,Wales,D,12.0,premier_league_data/season_1617/Rhoys_Wiggins_2678.png
7114,Georginio Wijnaldum,Netherlands,M,25.0,premier_league_data/season_1617/Georginio_Wijnaldum_7114.png
16549,Will Miller,England,M,18.0,premier_league_data/season_1617/Will_Miller_16549.png
4403,Ashley Williams,Wales,D,29.0,premier_league_data/season_1617/Ashley_Williams_4403.png
4748,Willian,Brazil,F,22.0,premier_league_data/season_1617/Willian_4748.png
13122,Chris Willock,England,M,16.0,premier_league_data/season_1617/Chris_Willock_13122.png
3547,Jack Wilshere,England,M,11.0,premier_league_data/season_1617/Jack_Wilshere_3547.png
8454,Callum Wilson,England,F,9.0,premier_league_data/season_1617/Callum_Wilson_8454.png
13813,Kevin Wimmer,Austria,D,6.0,premier_league_data/season_1617/Kevin_Wimmer_13813.png
7488,Harry Winks,England,M,8.0,premier_league_data/season_1617/Harry_Winks_7488.png
4130,Andre Wisdom,England,D,,premier_league_data/season_1617/Andre_Wisdom_4130.png
4989,Philipp Wollscheid,Germany,D,2.0,premier_league_data/season_1617/Philipp_Wollscheid_4989.png
14758,Ben Woodburn,Wales,M,14.0,premier_league_data/season_1617/Ben_Woodburn_14758.png
1565,Jonathan Woodgate,England,D,39.0,premier_league_data/season_1617/Jonathan_Woodgate_1565.png
15285,Matthew Worthington,England,M,,premier_league_data/season_1617/Matthew_Worthington_15285.png
878,Richard Wright,England,G,,premier_league_data/season_1617/Richard_Wright_878.png
14151,Ben Wynter,England,M,21.0,
12136,Granit Xhaka,Switzerland,M,34.0,premier_league_data/season_1617/Granit_Xhaka_12136.png
4673,Claudio Yacob,Argentina,M,24.0,premier_league_data/season_1617/Claudio_Yacob_4673.png
10522,DeAndre Yedlin,United States,D,2.0,premier_league_data/season_1617/DeAndre_Yedlin_10522.png
4605,Maya Yoshida,Japan,D,22.0,premier_league_data/season_1617/Maya_Yoshida_4605.png
3062,Ashley Young,England,D,18.0,premier_league_data/season_1617/Ashley_Young_3062.png
3654,Pablo Zabaleta,Argentina,D,5.0,premier_league_data/season_1617/Pablo_Zabaleta_3654.png
4539,Wilfried Zaha,Cote D’Ivoire,F,12.0,premier_league_data/season_1617/Wilfried_Zaha_4539.png
3338,Mauro Zárate,Argentina,F,19.0,premier_league_data/season_1617/Mauro_Zárate_3338.png
16719,Simone Zaza,Italy,F,7.0,premier_league_data/season_1617/Simone_Zaza_16719.png
4716,Gedion Zelalem,United States,M,6.0,premier_league_data/season_1617/Gedion_Zelalem_4716.png
3662,Ron-Robert Zieler,Germany,G,16.0,premier_league_data/season_1617/Ron-Robert_Zieler_3662.png
19620,Oleksandr Zinchenko,Ukraine,D,17.0,premier_league_data/season_1617/Oleksandr_Zinchenko_19620.png
5175,Kurt Zouma,France,D,4.0,premier_league_data/season_1617/Kurt_Zouma_5175.png
10468,Bruno Zuculini,Argentina,M,5.0,premier_league_data/season_1617/Bruno_Zuculini_10468.png
5671,Juan Camilo Zuñiga,Colombia,D,18.0,premier_league_data/season_1617/Juan_Camilo_Zuñiga_5671.png
